SRI VIGNESHWARA RICE TRADERS,,
,,
Sales Summary  01/11/2023-30/11/2023,,
,,
Product Name,Qty.,Amount
,,
KV GOLD 26KG,28,45800
OLD SONA,848.5,45685
RAW SONA,546.5,34830
BULLET RICE,353,25367
SHIVALING FINE,122.6,22411
SUPER SONA,257,15412.1
HMT OLD,204,15066
SUNPURE 1LT,125,14248
BABA BLK BULET,8,13040
ROYAL SONA,222.5,12408
FINE SONA,171.5,11165
SUGAR,225.3,9677.9
ATTA SPL,235,9460
GREEN MOONG,61.5,8416.5
BULLET SONA,130,8148
RAVA(M),164.75,8017
URID DALL,49.856,7304.64
GN SEEDS,44.85,6677.5
ASH ATTA 5KG,22,6625
ASH ATTA 10KG.,12,5795
FREEDOM SF OIL,49,5581
MOONG DALL,41.5,5545
GINGELLY OIL 1LI,50,5393
W TASTY,79,5031
B L GFLOOR 500,88.5,4957.5
JAGARRY R,77.14,4685.68
GRB 500ML,11,4460
GRAM DALL,45.75,4422.5
DHANIYA FINE,22.05,4230.5
5LIT SUNPURE CAN,7,4195
DOSA RICE (FINE),99.5,4097
RAVA(C),80.5,3924
FRIED GRAM,33.05,3631.5
15KG SUNPURE TIN,2,3480
JEERA FINE 100G,41,3455
GINGELLY OIL 500,58,3273
CHILLI [G],7.48,3217.6
JEERA LOOSE,4,3080
BABA LACHKORI,2,2850
IND CLASIC,15,2819
AVALAKKI,48,2784
MADHUR SUGAR,51,2652
B L RICE FLOOR,47,2473
DHEEPAM 1LR B,13,2410
GEMINI OIL 1LT,20,2329
HORSE GRAM,17.85,2297.65
COTHAS 500G,7,2290
GOLD WINNER 1LR,20,2273
AA 10RS,88,2243
CHILLI [M],7.45,2160
B GRAM,21.25,2021.5
JAVE WHEAT,25.5,1915
SUNPURE 2LR,8,1861
RUCHI GOLD,19,1776
BROKEN RAW,40.4,1757.6
B L MAIDA 1KG,32,1733
ASH ATTA 1KG,26,1700
FIONA OIL,15,1604.5
ARIEL FR 4KG,1,1450
KOLAM OLD,21,1428
TAMRAND,8.25,1427.5
WHEEL POWDER 1KG,19,1408
KRISHNA ATTA 5KG,3,1380
RED LABEL NC 500,4,1340
RAGI,29.7,1339.5
RAJMOUDI RICE,15.47,1330.42
ZEERA RICE FINE,11,1271
APLA 70RS,21,1271
MTR SEMIYA 900G,18,1268
B L RAGI FLOOR,25,1260
NANDINI 1LR,2,1255
HARPIC 500ML,13,1249
SANTOOR 38RS,36,1246.5
CASHEW JH,1.4,1241
VIM 33RS,39,1169
COL PASTE 100GM,17,1150
MTR JAMUN OFFRR,8,1120
B L BANSI 1KG,20,1107
TATA SALT,40,1078
IDLY RICE,24,1074
CHILLI [B],1.5,1069
POPPY SEEDS 100G,5.5,1067.5
ARIEL FR 2L,3,1060
ANIL RICE 500GM,14,1050
FREEDOM 10LR,4,1040
YALAKI FINE,0.425,1040
SURF XL 35RS,28,980
ANIL SEMIYA 500G,17,969
MUSTARD FINE 100,39,965
MY SANDEL SET,4,940
BADAM SEEDS 250G,5,940
CASHEW FULL,1,940
RED RAW,14,937
TIDE 1 KG,6,930
MTR CP 100GM,20,918
COMFART 800ML,4,900
URID GOLA,6,898
MASUR DALL,8.75,885
3ROSES 250G,4,868
SURF FR 1LR,5,860
B L CHIROTI 500G,29,838
RIN POWDER 1,8,833
GALA BROOM 210,5,810
BULLET 10KG,1,800
AA SP 100GM,12,800
KRISHNA 500ML,2,798
SAFOLA GOLD,5,790
AMRUTHAM OIL 1LR,3,780
VIM LIQ 750ML,4,775
ANN.ROCKSALT 1KG,38,760
MY SANDEL S,18,747.5
BABY CASHW,1.5,705
TAJ 250G,3,699
SOUMF 100GM,14,698
B L AVALAKI M,17,684
CASHW FINE 100GM,7,659
MAGGI 12RS,46,644
10KG BABA GOLD,1,640
NANDINI 500ML,2,635
LIZOL 1LR,3,615
H N S SHAMPO 200,3,605
KABUL,3.25,604.75
MTR T POW 100G,19,602
SUNSILK 600ML,1,595
CYCLE 50RS,12,595
WHEAT FINE,12.9,589.6
LOBO,4.5,585.75
MAIDA SPL,13,585
SH SP 100GM,10,580
ALAYAM 5LR,1,580
LIFE BOY 36RS,16,580
VIM 10 RS,58,580
COL SALT 100,8,560
SURF EASY 500G,7,560
P CHUTE 200ML,7,548
DABUR PASTE 100G,8,544
RED LABEL 100G,10,541
LIZOL 500ML,5,535
SURF XL 22RS,25,532
MTR BADAM POW 50,2,528
RED LABEL NC 250,3,516
ARIEL T 1P,3,510
COPRA,2.696,508.07
BARLY 100G,25,500
MARRE GOLD 10RS,50,500
HAMAM SOAP,8,485
BOOST 1KG,1,480
ARIEL 1 KG,2,480
KRISHNA 100ML,5,479
FAIR N LOVELY 11,2,465
MY SANDLE B,7,462
HORLICKS 1KG,1,460
HORLICKS 500G,2,460
SAIGO,3.25,450
FORTUNE RC,3,450
CASHW 250GM,2,450
ANNAPURNA COFFE,7,441
RED LABEL 250G,3,441
PEPPER FINE 100G,5,440
RIN BIG BAR,18,438.5
SUNRISE 2RS,213,426
TAJ 500G,1,425
MTR RAVAIDLY 1KG,2,420
SSP RED 5GM,3,416
DOVE SET B,1,415
HARPIC RED 500ML,4,412
PATTA,0.91,409.5
VIM TUB 60RS,7,397
MTR PULIO 12RS,33,396
LAVANG L,0.275,388
DABUR HONET 500G,1,375
SOYA CHUNKS 200G,7,372
TAJ 100G,4,372
PICKELE 5KG,1,370
FORTUNE MUS OIL,2,365
POPPEY SEEDS 50G,4,365
EV KASMIRI 100GM,3,360
FAIR N LOVELY 50,3,360
GRB 200ML B,2,355
DOVE SHAMPO M,2,352
FORTUNE OIL,3,350
MTR SEMIYA 500G,8,350
ASH MULTI 5KG,1,348
RIN POWDER 10RS,33,346.5
RIN SOAP 10RS,35,343.8
EXO ROUND B,6,343
MTR PULIOGARE 10,5,340
KIS JAM 500,2,334
HORLICKS 200G,3,330
SENSODENE 125,3,330
MAGGI 8PACK,3,330
VOM GN,2,320
RED LABELE NC 10,5,320
DETTOL LIQ 200ML,2,320
LUX 100GM,9,315
ANNAPURNA COFFE,2,312
TATA AVALAKI P,6,310
MARGO SET,2,305
W TILL LOOSE,1,300
B L IDLY RAVA,6,300
COL PASTE 50GM,15,300
MTR SP 100G,4,292
DRY GRAPES 250GM,3,291
B L BANSI RAVA,10,286
ULLAS 60RS,6,285
METHI 100G,11,284
PURI 500GM,6,283
MTR SP 200G,2,282
SABEENA 500GM,24,280
SUNPURE 500ML,5,275
DRY GRAPES 100GM,6,273
COTHAS 200G,2,270
FORTUNE MUS OIL,3,270
COL BRUSH 20RS,13,269
CLI SHAMPO 1RS,268,268
GREEN PEAS,2.25,267.5
B L MAIDA 500GM,10,266
WHEEL POWDER 500,7,264
MTR DP 100G,8.5,264
MTR PULIOGARE 20,2,260
MARRE GOLD 1KG,2,260
SENSODENE 135RS,2,260
PONDS M,2,260
BADAM SEEDS 100G,3,253
BLACK STONE 55RS,5,252
L G POWDER 50GM,3,250
PEARS BLUE,4,246
JAGARY BUCKET,3,245
P CHUTE 600ML,1,245
LIME SALT 500GM,1.5,242.5
OLEEV B 1LIT,1,240
BROOM RED,2,240
KARJURA 500GM,1,240
PEPPER 50GM,5,240
SHANTALA 40RS,7,240
MTR VANGIBATH 10,3,234
AA JEERA PO 50GM,6,233
COMFART 450ML,2,232
KLF 500ML,2,230
PARLE G 10RS,23,230
AA CHIKEN 100GM,4.5,229.5
COMFART 180ML,4,224
WIPER,1,220
P CHUTE 300ML,2,220
BOOST 200G,2,220
MTR SEMIYA R 500,4,220
SURF XL 1KG,1,215
COTHAS 100G,2,212
VIM LIQ 250ML,4,212
AA GARAM 50GM,6,211
W THILL 100G,6,211
VANISH B,1,210
SANTOOR 222RS,1,210
ARIEL TOP 1L,1,210
EV CHIKEN 100,3,210
DOVE COND,1,205
DRY GRAPES L,0.5,200
DOMEX TOILET,2,200
G LABLE 500G,1,195
JEENI 500G,1,195
MEDMIX B,4,194
EV CHAT 50GM,5,193
TATA GOLD 100,4,192
POWER SOAP,13,190
LIFEBOY 1=1,1,190
DOVE SOAP,3,189
MEDIMEX SET,2,189
MTR CP 500G,1,185
DOVE SHAMPO 2RS,86,184
DHEPAM OIL 500ML,2,182
BROWN RICE,3,180
MOP 240,1,180
PANTEEN 200ML,1,176
PRAKASH TEA 500,1,175
GODREJ AIR,1,175
AA CP 100GM,4,171
HARPIC 1LTR,1,170
ALA 500ML,2,170
ARIEL F 1P,1,170
AA PEPPER PO 50G,3,170
SUGAR CANDY,0.9,164
PANCHAMI OIL 1LB,1,160
RIN POWDER 500GM,3,159
WHEEL SOAP 10RS,16,156.8
ODONIL ROOM SPRA,1,155
BROOM BLUE,1,155
HIMALAYA L,1,155
URID BLK,1,154
ALL CLEAR 200ML,1,152
P CHUTE JASMINE,1,150
SHANTALA SMART,3,150
BROOM GALA,1,150
NUTS 40RS,1,150
BRU 2RS,74,148
M CHILAKA,1,148
SURF TP 1LR,1,145
TATA GOLD 250G,1,142
ASWINI OIL 200ML,1,140
COL PASTE 200GM,1,140
TEJU 500GM,1,140
KARJURA 250GM,1,140
PHENYLE BLACK,2,140
TEJU CHIKEN 250,2,140
JAGGARY (H),4.93,139.55
GRB JAMUN 1=1,1,135
AASHIRVAD SALT,5,135
P CHUTE 100ML,4.5,132
DETTOL SOAP B,2,130
CAMPOPR 70RS,2,130
PONDS SANDLE,1,130
HOMELITE,13,130
ANNAPURNA ATTA 1,2,130
COL HERBAL 200,1,127
STEEL SCRUB,10,127
RIN LIQUED,1,125
SURF TP 500,1,125
DRANEX 25,5,124
LIFE BOY HNDD,1,120
PEPSDENT 100GM,2,120
BROOM K,2,120
DABUR HONEY 250G,1,120
CAMPAR 20RS,12,120
BLACK STONE 125R,1,120
DAR FANTASY 40RS,3,120
TATA PINK SALT,1,115
GINGER GARLIC 5R,23,115
MUSTARD 250G,2,115
G FLOUR,1.25,112.5
PATANJALI 100GM,1,112
GAR COLOR BLK PK,3,112
LION DATES 250GM,1,110
MAGGI 4PACK,2,110
ANIL BROKEN WHEA,2,110
SURF XL 500GM,1,107
CLOSUP OFER 160R,1,105
PONDS D,1,105
YIPPE NOODLES 8P,1,105
GARLIC PASTE 200,2,105
LION DATES ARABI,1,105
KIS KETCUP,1,104
ORAL BRESH 20RS,5,101
KASTURI METHI 10,2,100
CHOCO 5RS,20,100
PICKLE 50RS,2,96
GRB 100ML,1,96
MTR GARAM 50GM,1,95
VIM 5RS,19,95
DETTOL HAND B,1,95
FLACK SEEDS,0.5,92.5
LONG BODY,2,92
GOOD KNGHT LIQUI,1,90
BATHI,9,90
PALAV MIX 10RS,9,90
LEVISTA 2RS,45,90
B L RAVA ROST,2,89
3ROSES 100G,1,87
MACRONI LOOSE,1,85
CAMPAR JAR,1,80
JEERA 50GM,2,80
CAMPAR 150RS,1,80
LAVANG 10GM,3,80
SANTOOR 10RS,8,80
MANGAL DEEP DOOP,5,79
TIDE 500GM,1,75
BLECHING POWDER,3,75
HIMALAYA FACE WA,1,75
MTR BADAM POW 20,1,75
SCBRITE 15RS,5,75
T.STICKS,0.3,75
MTR TOMOTO 15RS,5,75
CELL 16RS,4,72
MTR VANGIBATH 10,6,72
LIFE BOY 10RS,7,70
IND RAGI,1,70
YALAKI 10GM,2,70
MEERA SHAMPO 2RS,1,70
SCBRITE 10RS,7,70
B TILL 100,2,70
PALAV LEAF LOOSE,0.2,68.5
COL MAX 100GM,1,68
PONNY SPL,1,66
ANIL SEMIYA 200M,3,66
WASHING SODA,3,65
COL POWDER,1,62
FAIR N LOVELY 25,1,60
AJAY HARD,3,60
HIDE N SICK 60RS,1,60
EV TIKALAL 100,1,60
GIL PRISTO,3,60
H&S SHAMPO 2RS,30,60
KIS JAM 20RS,3,60
SOUMF 50GM,3,60
CORN FLOUR,1,55
NOODLES PLAIN,1,55
PEARS SOAP B,1,53
BALLAR DAL,0.25,52.5
BLACK ROSE 12RS,5,52.4
RAVA B,1,52
AA CHIKEN 10RS,5,50
MTR 10RS,5,50
TOMOTO SAUCE,1,50
METHI 250GM,1,48
G LABLE 100G,1,48
POWER SOAP 10RS,3,45
VIM LIQ 20RS,3,45
PARRY BROWN SUGA,1,45
ANNAS FLOWER,0.05,44
PARRY JAGARY POW,1,43
SURF XL 10RS,4,40
DOVE SOAP S,1,40
DABUR PASTE 20RS,2,40
LIZOL S,1,40
OREO 10RS,4,40
PITAMBARI 100G,1,40
AA SP 10RS,4,40
LIFE BOY REF 40R,1,38
LIRIL SOAP,1,38
YIPPEE 12RS,3,36
HORLICKS BISCUT,1,35
BAKING POW 100G,1,35
STAR KESAR,5,35
VASU BIG,1,35
MTR SEMIYA 200GM,2,34
K DEVAN 100GM,1,34
M MOGGU,0.03,32.4
VIM TUB 30RS,1,30
ROCKSALT,2,30
HING 10RS,3,30
BOOST 5RS,6,30
SURF 10RS,3,30
AA TP 100GM,1,27
MTR ROAST SEMIYA,1,26
AA CHIKEN 50GM,1,25
AA SP 50GM,1,23
PATTA 10RS,2,20
IG PULIOGARE,2,20
B THILL 50G,1,20
OMA 50GM,1,20
ACT 10RS,2,20
TIDE 10RS,2,20
FAIR N LOVELY 20,1,20
COL SALT 20RS,1,20
LAKSHMAN REKA,1,15
AA DP 100GM,0.5,15
MTR BIRIYANI 10R,1,12
GOOD DAY 10RS,1,10
TEJU 10RS,1,10
EXO 10RS,1,10
RED LABLE 10RS,1,10
HORLICKS 5RS,1,5
,-----,-----------
SubTotal,8001.712,575178.21
,,
Discount                       -37.20,,
,,
Tax Details :,,
  GST Collected                  7.60,,
-------------------------------------,,
575223.01,,
-------------------------------------,,
