SRI VIGNESHWARA RICE TRADERS,,
,,
Sales Summary  01/01/2024-31/01/2024,,
,,
Product Name,Qty.,Amount
,,
RAW SONA,744.9,49144.1
BULLET SONA,623.75,41014.5
OLD SONA,692.35,38591.6
FINE SONA,404,27359
SHIVALING FINE,146.85,25726.25
SUPER SONA,280,17792
SUNPURE 1LT,147,16707
HMT OLD,215.5,16364
ATTA SPL,306,12230
ROYAL SONA,201,11606
SUGAR,272.1,11469.2
GN SEEDS,75.84,11258.32
URID DALL,71,10280.25
KOLAM OLD,136,10019
FREEDOM SF OIL,87,9872
ASH ATTA 10KG.,15,7825
JAGARRY R,102.593,6163
GINGELLY OIL 1LI,56,6017
FRIED GRAM,53.35,5872.5
BULLET RICE,73,5845
MOONG DALL,43.25,5720
GRB 500ML,13,5340
NANDINI 1LR,8,5020
DOSA RICE (FINE),113.5,4850
COPRA,25.245,4585.65
RAVA(M),91.75,4410
COTHAS 500G,13,4340
WHITE TASTY,62,4252
GRAM DALL,40,3827.5
URID GOLA,23.75,3502
KV GOLD 26KG,2,3494
JAVE WHEAT,35,3130
TAMRAND,16.7,3030.75
JEERA FINE 100G,38.5,2963
GREEN MOONG,22.503,2954.64
DHANIYA FINE,15.7,2916
CHILLI [B],4.7,2912.5
CHILLI [G],6.435,2783.8
10KG BABA GOLD,4,2770
ASH ATTA 5KG,9,2770
JEERA LOOSE,3.75,2745
SURF XL TOP 6KG,2,2700
CHILLI [M],9.3,2687.5
AVALAKKI,46.5,2686
RAGI,49.45,2644.75
GOLD WINNER 1LR,23,2617
WHEEL POWDER 1KG,35,2580
PONNY SPL,35,2510
B GRAM,29.5,2472.75
RUCHI GOLD,27,2432
DHEEPAM 1LR B,13,2430
RAVA(C),50,2400
FORTUNE OIL,20,2325
PEPPER FINE 100G,25.5,2176
YALAKI FINE,0.725,2086.25
LAVANG L,1.55,2060.5
GINGELLY OIL 500,37,2017
RAJMOUDI RICE,22,1982
5LIT SUNPURE CAN,3,1890
BABA BLK BULET,1,1768
CASHEW JH,2,1764.75
WHEAT FINE,38.5,1751.5
FIONA OIL,16,1741
PEDI SURE 1KG,1,1720
TATA SALT,63,1701
15 LTR SUNPURE,1,1660
GEMINI OIL 1LT,14,1659
ASH ATTA 1KG,25,1657
IDLY RICE,33,1630
KRISHNA 500ML,4,1625
BROKEN RAW,38,1584
B L MAIDA 1KG,28,1566
B L BANSI 1KG,25.5,1469
PATTA,3.35,1459.25
ANN.ROCKSALT 1KG,70,1383
B L RAGI FLOOR,25,1363
JEERA FINE 250G,8,1360
JAGGARY (H),22.3,1335.4
W TILL LOOSE,4.5,1330
B L GFLOOR 500,23,1295
JAGARY CUT,11.15,1288.75
ANNAPURNA COFFE,4,1260
HARPIC 500ML,12,1254
AA 10RS,125,1250
RIN BIG BAR,50,1249
COPRA CUT,3.65,1245
SANTOOR 38RS,35,1226.5
CASHW 250GM,5,1220
SUNPURE 2LR,5,1155
VIM LIQ 750ML,6,1150
B L RICE FLOOR,21,1129
CASHW FINE 100GM,12,1090
TIDE 1 KG,7,1085
KABUL,5.75,1047.5
W THILL 100G,30,1019
RED LABEL 100G,18,966
MTR CP 100GM,21.5,947
BADAM SEEDS 100G,11,926
APLA 70RS,15,910
COMFART 800ML,4,895
ARIEL FR 2L,2,890
B L CHIROTI 500G,31,889
MY SANDLE B,13,883
GRB 200ML B,5,878
ZEERA RICE FINE,7.5,873.5
DETTOL SOAP B,13,869
POPPEY SEEDS 50G,10,863
MTR T POW 100G,27,861
NY THILL 250G,12,855
MUSTARD FINE 100,36,854
BROOM BLUE,6,850
LIZOL 500ML,8,842
PEPPER LOOSE,1,840
GRB 500ML B,2,835
3ROSES 500G,2,810
COL PASTE 100GM,12,804
KESAR KLLI,10,800
VIM TUB 60RS,14,797
VOM GN,5,787
SUNRISE 2RS,392,784
LOBO,6,776
GN SEEDS R,4.15,752
MEDMIX B,14,740
HORSE GRAM,6,739.25
RED LABEL 250G,5,733
JAGARY BUCKET,11,715
PHENYLE,10,710
MUSTARD 250G,14,706
ANNAPURNA COFFE,11,693
MADHUR SUGAR,13,693
DRY GRAPES 250GM,7,690
MTR RAVAIDLY 1KG,3,685
ANIL SEMIYA 500G,12,684
JOLA,11.3,678
SURF EASY 1KG,4,669
DRY GRAPES 100GM,15,661
M MOGGU,0.55,655
CYCLE 50RS,13,655
BALANCE,2,646
NYLON TILL L,2,640
NANDINI 500ML,2,640
ARIEL 1 KG,3,635
PURI 500GM,14,633
ANNAPURNA COFFE,4,622
ARIEL T 1P,4,620
SWA RAVA IDLY 1=,5,620
KAL HUVA,0.5,615
MTR DP 500GM,4,609
TIDE 500GM,8,603
RIN SOAP 10RS,60,589.2
RED LABEL 500G,2,585
VIM 33RS,20,579.6
FORTUNE RC,4,576
SURF XL 22RS,28,560
B L MAIDA 500GM,19.5,556
GALA BROOM 210,3,555
TABLE PAPER,5,550
GRB JAMUN 1=1,4,550
FORTUNE MUS OIL,3,550
P CHUTE 200ML,7,548
MY SANDEL S,13,539.5
GRB 100ML,5.5,530
MARRE GOLD 10RS,53,530
GAR FACE,5,525
SURF XL 35RS,15,525
METHI 100G,21,523
METHI L,3.75,521.25
L G POWDER 50GM,6,511
VIM 10 RS,51,510
COL SALT 100,7,490
COL PASTE 200GM,4,488
TATA AVALAKI P,10,478
MTR PULIOGARE 10,7,476
NY THILL 100G,13,461
MTR SP 500GM,2,460
MTR PULIOGARE 20,3,460
MAGGI 12RS,33,459.5
EXO ROUND B,8,456
WHEEL POWDER 500,12,456
LUX 100GM,13,454.5
HAMSA RICE,10,450
GALA MOP 240,2,440
MTR DP 100G,14.5,436
MIX 250GM,10,435
3ROSES 250G,2,434
DRY GRAPES L,1.025,432
KRISHNA 500ML J,1,420
AASHIRVAD SALT,16,420
LONG BODY,9.5,415.5
MTR RASAM 100G,5,400
IND CLASIC,2,390
DETOL LIQ 500ML,1,386
PONDS M,1,385
BAJAJ ALMOND B,2,385
DOVE SOAP,6,378
MASUR DALL,3.7,374.5
POPPY SEEDS 100G,2,370
MTR CP 500G,2,370
ARIEL F 1P,2,360
VVD OIL 500ML,3,360
B L IDLY RAVA,7,360
JEENI 1KG,1,350
MTR JAMUN OFFRR,2.5,350
LIFE BOY 36RS,10,350
COMFART 450ML,3,349
VIP COLOR,7,348
RED LABEL NC 250,2,344
COMFART 180ML,6,343
COL BRUSH 20RS,16,340
MUSTERD LOOSE,2,330
RED BOILED,6,330
P CHUTE 300ML,3,330
DOVE SHAMPO M,1,325
GONI,4,320
COTHAS 100G,5,320
JEERA 50GM,8,316
HORLICKS WOMEN 5,1,315
TOMOTO SAUCE,5,308
RIN POWDER 1,3,308
BLACK STONE 55RS,6,302
PLATES 100PES,2,300
WATER GLASS,4,300
TATA GOLD 250G,2,292
MAZA APALA,6,285
HIMALAY B SHAMPO,1,285
JAGARRY POWDER,4,285
GARBAGE M,4,280
MTR SEMIYA 900G,4,280
MTR PULIO 12RS,23,276
B L AVALAKI M,7,276
ULLAS 60RS,5,275
SENSODENE 135RS,2,274
COTHAS 200G,2,270
ALA 500ML,3,270
SANDIGE 1KG,1.45,266
MARRE GOLD 1KG,2,260
MAP 300RS,1,260
W TILL 250,4,260
YALAKI 10GM,8,255
JAKKAI,0.3,254
DOVE SET B,1,248
BABY CASHW,0.5,245
DOVE SOAP S,6,244
MTR SP 100G,3,241
BROOM K,4,240
FAIR N LOVELY 25,4,240
MY SANDEL SET,1,235
DOVE COND,1,235
P CHUTE 500ML,1,235
MTR VANGIBATH 10,3,234
PARRY BROWN SUGA,5,234
TAJ 250G,1,232
LIRIL SOAP,1,230
BLACK STONE 125R,2,230
HORLICKS 500G,1,225
EMAMI OIL,2,223
BOOST 200G,2,220
AA CP 100GM,5.5,218
MTR VANGIBATH 10,18,216
DETTOL 1L,1,215
SOYA CHUNKS 200G,4,215
SURF XL 1KG,1,215
SUNRISE 100G,1,213
TATA PINK SALT,2,211
SANTOOR 222RS,1,210
RED LINE,3,210
SURF 10RS,21,210
MIX 100GM,13,210
HARPIC RED 500ML,2,208
PITAMBARI 100G,4,207
BADAM SEEDS 250G,1,200
SOUMF 100GM,4,200
GOOD NIGHT OFFER,2,200
DAR FANTASY 40RS,5,200
H N S SHAMPO 200,1,200
G FLOUR,2,196
APLA MASALA 70RS,3,195
BROWN RICE,3,195
HAMAM SOAP,3,195
MY SANDEL BAR,1,194
MTR GARAM 50GM,2,190
MTR PALO MASALA,2,186
TAJ 100G,2,186
AA CP 500GM,1,185
CLI SHAMPO 1RS,183,183
H&S SHAMPO 2RS,91,182
GINGER GARLIC,2,180
FORTUNE MUS OIL,2,180
PP,1.8,180
AA GARAM 50GM,5,174
BOTI LOOSE,1.3,171
HARPIC 1LTR,1,170
PALAV MIX 10RS,17,170
PARLE G 10RS,17,170
AJAY HARD,8,170
OREO 10RS,17,170
CORN FLOUR,3,168
RED LEBAL 200GM,1,165.94
MR MUSEL,1,165
T.STICKS,1.45,160.5
DARK FANTASY 170,1,160
PISTA 200GM,0.5,160
COL PASTE 50GM,8,160
ACT 10RS,16,160
VIM LIQ 250ML,3,159
BALLAR DAL,0.75,157.5
MTR BISIBELE 100,2,156
MARGO SET,1,155
SABEENA 500GM,15,155
K DEVAN 500GM,1,154
GOOD KNGHT LIQUI,2,153
ALL CLEAR 200ML,1,152
MTR TOMOTO 15RS,10,150
AA CHIKEN 100GM,3,150
PICKEL 1KG,1,145
PHENYLE BLACK,2,145
ANIL SEMIYA 200M,6,144
BALLAR,0.75,143.75
PEPPER 50GM,3,143
IND RAGI,2,142
CUPS,2,140
TEJU CHIKEN 250,2,140
CYCLE DOOPA 72,2,140
MEAL MAKER,1,140
MARGO SOAP,4,140
METHI 250GM,3,139
NANDINI GHEE 200,1,136
K DEVAN 100GM,4,136
INDIA GATE DUBAR,1,136
HOMELITE,14,136
DETTOL LIQ 200ML,1,135
CAMPAR 150RS,1,135
MTR SEMIYA 500G,3,135
BRU 2RS,70,130.4
ANIL RAGI 500GM,2,128
EA JEERA POWDER,1,128
MTR BADAM POW 20,1,125
VIM SET 130,1,125
SURF 500 LQ,1,125
VIM LIQ 500ML,1,122
HIMALAYA SOAP 62,2,120
BROOM RED,1,120
KLF 500ML,1,120
FAIR N LOVELY 50,1,120
BARLY 100G,6,120
VIM LIQ 20RS,8,120
B BANSI RAVA,2,116
EVEREDAY B,3,115
ANIL APLA,2,113
ICE CREAM CUP,2,110
DOMEX,1,110
SODLU,2,110
MAGGI 4PACK,2,110
PEPSDENT 2IN 1,2,110
MAGGI 8PACK,1,110
HORLICKS 200G,1,110
AA PEPPER PO 50G,2,110
SURF XL 500GM,1,107
EV KASMIRI 100GM,1,106
TISSUS,3,105
PONDS D,1,105
RIN POWDER 500GM,2,104
CLOTHS,4,100
FLACK SEEDS,0.75,100
DRANEX 25,4,100
POWER SOAP,10,100
MEDIMIX S,3,93
BLECHING POWDER,4,92
LIFE BOY HNDD,1,92
PISTA PLAIN,0.04,90
LION DATES 250GM,1,90
LIME SALT 500GM,1,90
L G PKT,1,90
DHEPAM OIL 500ML,1,90
SASHI 15RS,6,90
CHOCO 5RS,18,90
PEPSDENT 200GM,1,88
3ROSES 100G,1,88
MY SANDLE GOLD,1,87
EV CHIKEN 100,1,85
LAVANG 10GM,4,85
SENSODENE 125,1,85
MTR HING 50G,1,85
K DEVAN 250GM,1,82
MANGAL DEEP DOOP,5,81
IDLY CLOTHS,2,80
SPONS  100PES,1,80
AA JEERA PO 50GM,2,80
LG POWDER,1,80
DOVE SHAMPO 2RS,40,80
TASTING POWDAR,0.3,80
MTR 10RS,8,80
BADAM SEEDS,0.1,76.25
AA BIRIYANI 50GM,2,76
DETTOL SOAP S,2,76
NYLON SAIGO 500G,1,75
EV CHAT 50GM,2,74
COL VED OFFER 15,1,72
P CHUTE 100ML,2,72
TEJU MUTTON 250,1,70
COL MAX 100GM,1,70
NAPTHALE BALLS,2,70
B TILL 100,2,70
HIDE N SIKE,3,70
DABUR PASTE 100G,1,68
LEVISTA 2RS,33,66
DABUR HONEY 100G,1,65
MESWAK 100GM,1,65
GARLIC PASTE 200,1,65
MACRONI LOOSE,0.75,65
RED LABELE NC 10,1,64
JAPATRE L,0.03,63
PEARS BLUE,1,62
DALDA 1LR,0.5,60
SAIGO,0.5,60
VIM 5RS,12,60
AA RASAM 50GM,2,60
GRB 10RS,6,60
RED RAW,1,59
B L BANSI RAVA,2,58
ANIL BROKEN WHEA,1,58
BLACK ROSE 12RS,5,57.5
HORLICKS BISCUT,1,57
BROKEN WHEAT,1,56
B L RAVA ROST,1,56
APLA MADURAI,1,55
TEA GLASS,1,55
KIS KETCUP,1,55
MTR SEMIYA R 500,1,55
EA SP 100,1,54
SHANTALA SMART,1,50
COFFE GLASS,1,50
CYCLE 20RS,2,50
AA SP 100GM,1,50
RASNA POWDER,1,50
ODONIL,1,50
BATHI,5,50
MANGALDEEP 50RS,1,48
NOODLES PLAIN,1,45
CAMPAR 50RS,1,45
SOUMF 50GM,2,45
OMA 100GM,1,45
SCBRITE 15RS,3,45
ALA 200ML,1,42
LIZOL S,1,40
GAR COLOR BLK PK,1,40
MARRIE GOLD 40RS,1,40
BUDS TULIP,1,40
DABUR PASTE 20RS,2,40
STAY FREE 35RS,1,40
OMA 50GM,2,40
SCBRITE 35RS,2,40
WHEEL SOAP 10RS,4,39.2
LIFE BOY REF 40R,1,38
SOUMP 50G,2,38
INDICA 20RS,2,38
LOBA [W],0.25,36.25
MTR BIRIYANI 10R,3,36
KASTURI METHI 10,1,35
VASU BIG,1,35
SHANTALA 40RS,1,35
PALAV LEAF LOOSE,0.1,34.5
EVEREADY S,2,34
STAR KESAR,4,31
OATS 15RS,2,30
GOOD DAY 25RS,1,30
CASEW JH 10RS,3,30
RED LABLE 10RS,3,30
GREEN PEAS,0.25,30
SODA,3,30
SUN SILK 1RS,30,30
SCBRITE 10RS,3,30
TEJU 10RS,3,30
APLA 30RS,1,30
MY SANDEL DOOPA,1,28
PITAMBARI S,1,28
CORN FLOOR 100GM,1,28
AA CHIKEN 50GM,1,27
STEEL SCRUB,2,26
MTR BISIBELE 10R,2,24
KARJURA 500GM,0.1,24
NEWS PAPER,0.25,20
LIFE BOY 10RS,2,20
BUDS N,1,20
PATTA 10RS,2,20
GINGER GARLIC 5R,4,20
CHETA MBOX,2,20
BRU 10RS,2,20
AA SP 10RS,2,20
CAMPAR 20RS,2,20
AJAY M,1,19
SUGAR CANDY,0.1,18
MTR SEMIYA 200GM,1,18
RIN 5 RS,2,10
CYCLE 10RS,1,10
MEERA SHAMPO 2RS,5,10
TIDE 10RS,1,10
EXO 10RS,1,10
,-----,-----------
SubTotal,9215.036,617585.05
,,
Discount                       -43.89,,
,,
Tax Details :,,
  GST Collected                 24.06,,
-------------------------------------,,
617653,,
-------------------------------------,,
