 SRI VIGNESHWARA RICE TRADERS,,
,,
Sales Summary  01/01/2023-31/01/2023,,
,,
Product Name,Qty.,Amount
,,
BULLET SONA,1858,77384
BEST SONA,1041.5,52920
SUNPURE 1LT,169,25319
SUPER SONA,449,22862
FINE SONA,371.5,20191
SPL SONA,371,19693
KOLAM OLD,288.5,18643.3
RUCHI GOLD,181,18485
BULLET RICE,248.25,17496.5
GOLD WINNER 1LR,106,16173
SHIVALINGA DAL,129.5,16138
SUGAR,399.35,15385.9
VRT SONA,255,15030
HMT SPL,204.5,14092
MOONG DALL,125.9,13579.55
15 LTR SUNPURE,6,12660
HMT,209,11550
GN SEEDS,75.55,10985.25
BROKEN RICE RAW,307.25,10819
A ONE SONA,160.5,8666
5LIT SUNPURE CAN,10,7820
ATTA SPL,178.7,6974
KESAR KALI RICE,95,6905
RAJMOUDI RICE,109.5,6679
WHEAT FINE,150.15,6369.1
PONNY SPL,91.5,5737
URID DALL,46.7,5594
GINGELLY OIL 1LI,45,5530
OFFER 1700,3,5300
ASH ATTA 10KG.,11,5270
JAGARRY R,83.94,5009.42
CHILLI [G],13.23,4926.4
CHILLI [M],15.23,4787
RAVA(M),100.5,4752
DHANIYA,24.95,4396
KABUL,25.75,4224.25
GRAM DALL,47.3,3955
FRIED GRAM,42.7,3912.75
CHILLI [B],6.71,3910.7
ASH ATTA 5KG,13,3880
URID GOLA,29.5,3546.5
CASHEW JH,4.18,3528.75
JEERA 100G,67,3397
MAIDA SPL,67.75,3202
AVALAKKI,63.75,3116.5
10KG BABA GOLD,5,2860
GREEN MOONG,26.25,2857.5
GINGELLY OIL 500,43,2778
VOM 15KG,1,2710
BASMATHI PUALO,29.25,2627.5
VOM GN OIL 1LT,16,2585
SURF XL TOP 6KG,2,2575
FREEDOM SF OIL,17,2566
RED BOILED,50.75,2486.5
PEPPER 100GM,32,2420
5LR GOLD WINNER,3,2390
GANESH DALL,19.35,2375.5
RAVA B,48.75,2322.5
NANDINI 1LR,4,2300
RAW SONA,38.5,2162.5
IND CLASIC,10,2160
COPRA,9.46,1994.45
RAGI,50.15,1971.2
GN SEEDS R,10.05,1809
NANDINI 500ML,6,1785
5LR FORTUNE,2,1705
POPPY SEEDS 100G,10,1650
JAGARY CUT,13.8,1628.5
G FLOUR,22.45,1627.25
GRB 500ML,4,1595
GRB 200ML B,9,1570
AASHIRVAD SALT,59,1512
JEENI 1KG,4,1440
TAMRAND,8.95,1439
ASH ATTA 1KG,22,1430
DHEEPAM 1LR,7,1310
B GRAM,16.25,1305
MUSTARD 100G,64,1282
JOLA,28.4,1274.4
JAGGARY (H),20.54,1267.4
ANN.ROCKSALT 1KG,64,1255
ROYAL SONA,25,1250
IDLY RICE,30,1226
MASUR DALL,11,1195
NY THILL 250G,17,1180
LONG BODY,34.9,1176.6
BADAM SEEDS,1.6,1127.5
LOBO,10.15,1111.5
AA CP 500GM,6,1068
VIM 5RS,218,1052.2
ZEERA RICE FINE,9,1045.5
APLA 70RS,18,1035
SURF EASY 1KG,6.5,1007.5
URID BLK,8.25,990
HORSE GRAM,11.1,941.25
DRY GRAPES,2.65,938.5
POPPEY SEEDS 50G,11,935
JAGARY BUCKET,13,920
B L GFLOOR 500,20,917
MTR JAMUN OFFRR,7,910
LIFE BOY SOAP,25,907
PEARS BLUE,15,900
VIM 10 RS,88,875.5
AA 10RS,60,840
L G POWDER 50GM,11,836
RAVA(C),16.75,835.5
MTR PULIO 12RS,70,828.8
FORTUNE MUS OIL,4,820
DOSA RICE (FINE),26,818
WHEEL POWDER 1KG,11,806
SWA RAVA IDLY 1=,6.5,805
GRB 100ML B,8,800
ANNAPURNA ATTA 1,13,794
MY SANDLE B,12,793
GRB 500ML B,2,790
COL PASTE 100GM,12,764
RIN SOAP 10RS,75,735
JAGARY S,10.72,732.85
MAGGI 8PACK,7,725
MTR BADAM POW 20,6,720
TIDE 1 KG,5,720
SURF XL TOP 1,3,690
GINGELY OIL 200M,26,690
BOOST 500G,3,690
METHI 100G,33.5,670
HARPIC 500ML,7,660
CONTNENTEL 200GM,2,650
PURI 500GM,17,647
RIN BIG BAR,24,629.5
VVD OIL 500ML,5,625
B L RAGI FLOOR 1,14,625
ASH ATTA 2KG,5,610
TAJ 250G,3,600
RED RAW,10,600
B L CHIROTI 500G,22,598
JAGARRY POWDER,9,595
ANNAPURNA ATTA 5,2,590
PEPPER LOOSE,0.85,580
LUX 100GM,17,580
AMRUTHAM OIL 1LR,3,570
AA CHIKEN 100GM,14,565
SANTOOR 38RS,16,560
TAJ 100G,6,552
DHEEPAM 1LTR,3,540
H&S SHAMPO 2RS,268,536
MY SANDEL S,13,530.5
GREEN PEAS,4.75,522.5
TATA SALT,19,511
RED LABLE 1KG NC,1,510
MIX SPL,16,508
PALAV MIX 10RS,45,508
PICKLE 50RS,10,488
SURF 10RS,49,485
CLI SHAMPO 1RS,484,484
NAVANE,6,480
P CHUTE 600ML,2,475
JEERA LOOSE,1,475
CYCLE 50RS,10,470
MOTTU,4,470
SAIGO,4.2,460
VIJAY IDLY RAVA,10,459
SURF XL 35RS,13,452.4
P CHUTE 500ML,2,450
PEARS SET 190 RS,2,440
RED LABEL 100G,10,436
JEENI SPL,1,430
FORTUNE 10KG,1,430
GRB TP 100GM,15,428
HORLICKS 500G,2,425
COMFART 800ML,2,425
TIDE 500GM,6,425
ARKA,5,420
NY THILL 100G,14,407
CASHEW FULL,0.45,405
YALAKI POWDER,27,404.5
B L AVALAKI,10,398
COL PASTE 50GM,23,398
MTR CP 500G,2,390
PEPPER 50GM,9,390
3ROSES 500G,1,385
RED LABELE NC 10,6,384
MEDMIX B,8,384
POPPY SEEDS 250,1,375
LIZOL 1LR,3,371
VIJAY RICE FLOOR,8,370
SURF XL 20RS,17,368
DABUR PASTE OFFE,2,360
AMRUTHAM OIL 500,3,360
KRISHNA 500ML,1,360
COL PASTE OFFER,2,354
METHI LOOSE,2.5,352.5
RED LABEL NC 250,2,340
SOUMF 50GM,9,340
BROWN RICE,6.5,332
DABUR PASTE 100G,5,331
BALLAR DAL,1.75,330
CAMPAR JAR,5,330
P CHUTE 300ML,3,330
ASH SELECT 5KG,1,320
RED LABEL NC 500,1,315
BLACK STONE 125R,3,315
GRB CP 100GM,8.5,313
BALLAR,2.25,311.25
SURF EASY 500G,4,304
SABEENA 500GM,28,304
COTHAS 100G,5,300
W THILL 100G,10,300
TIDE 10RS,30,300
COTHAS 500G,1,295
B L MAIDA 500GM,10,294
PISTA 200GM,1,290
SWA GARAM 200,5,290
PATTA,0.65,287.5
VIM TUB 60RS,5,286
EV CP 500GM,1,280
P CHUTE 100ML,8,280
RED LABEL 500G,1,275
ANIL SEMIYA 200M,12,275
MTR PULIOGARE 10,4,272
MTR T POW 100G,9,270
SANTOOR 10RS,27,268
SWA DP 500GM,2,260
SANDIGE 1KG,1.3,260
MUSTERD LOOSE,1.95,259
VIM 33RS,8,252
MTR RAVAIDLY 500,2,250
SH SP 100GM,5,242
MEERA SHAMPO 2RS,120,240
AVALAKKI (P),4,240
ASH CP 100,6,238
P CHUTE 200ML,3,236
BOOST 5RS,47,235
ARIEL 500GM,3,231
JEERA 50GM,9,226
DOMEX,3,220
SANTOOR 222RS,1,215
BOOST 200G,2,210
G LABLE 100G,6,210
MEAL MAKER,1.5,210
VASU BIG,6,210
JEERA 250G,2,210
FAIR N LOVELY 25,11,210
RED LABLE 10RS,21,210
3ROSES 250G,1,205
IG PULIOGARE,21,205
MTR BISIBELE 100,3,204
GRB JAMUN 1=1,1.5,202.5
B TILL 100,3,200
W TILL 250,3,200
ACT 10RS,20,200
BLACK STONE 50RS,4,200
MAGGI 12RS,14,198
GRB 100ML,2,192
AA TP 100GM,6,192
YALAKI,0.12,191.6
MTR G MASALA 50,4,190
HARPIC RED,2,190
COMFART 4RS,47,188
SOUMF SWEET,1.15,185.5
LIFEBOY 1=1,1,185
VIM LIQ 750ML,1,185
MUSTARD 250G,4,183
VIM TUB 30RS,6,180
FAIR LOVELY 80GM,1,180
KIS JAM 500,2,180
MTR SEMIYA 500G,4,178
AA CHIKEN 500GM,1,176
MTR VANGIBATH 10,15,176
COL VED OFFER 15,1,175
CLOSUP OFFER,1,175
HORLICKS 5RS,34,170
AA CHIKEN 10RS,17,170
HING 10RS,17,170
LEVISTA 2RS,85,170
COMFART 180ML,3,168
SURF XL 15RS,11,165
MIX 250GM,4,165
COL MAX OFFER,1,165
DETTOL SOAP B,3,163
ANIL SEMIYA 500G,3,161
GEMINI OIL 1LT,1,159
TATA GOLD 100,4,156
SUGAR CANDY,0.85,152.5
TATA PINK SALT,2,150
GRB DP 100GM,5,150
RIN POWDER 500GM,3,150
SUNRISE 2RS,74,148
SAMRAT SEKAI POW,1,145
ROCKSALT,8,144
RED LABEL 250G,1,140
TATA GOLD 250G,1,140
BARLY 100G,7,140
YALAKI 10RS,14,140
MTR SEMIYA 900G,2,140
LAVANG,0.155,139.5
MTR SEMIYA 200GM,8,137
MTR D POW 100G,4,136
DOSA RICE FINE,4,132
MTR PULIOGARE 20,1,130
BRU 2RS,65,130
M MOGGU,0.1,130
DOVE SHAMPO 2RS,65,130
COL SALT 100,2,128
CYCLE DOOPA 72,2,125
VIM SET 130,1,125
HORLICKS 200G (B,1,125
MARRE GOLD 1KG,1,120
COTHAS 200G,1,120
APLA MASALA 70RS,2,120
AA DP 100GM,4,120
SUNDROP CHOCAS,2,118
PICKLE 60RS,2,118
DABUR HONEY 250G,1,115
AA GARAM 50GM,4,115
MTR TOMOTO 15RS,8,112.5
COL BRUSH 20RS,6,112
SSP 1G,6,111
MOMS MAGIC 1KG,1,110
ASH SEMIYA R,2,110
DRY GRAPES 10RS,11,110
SOYA CHUNKS 200G,2,110
WHEEL POWDER 500,3,108
MTR BISIBELE 10R,9,108
TIDE SET,1,105
DHEPAM OIL 500ML,1,105
LIZOL 500ML,1,100
DOMEX TOILET,1,100
AA TP 500GM,1,100
GRB TP 500G,1,100
SURF LIQ 10RS,10,100
LAVANGA 10RS,10,100
WHEEL SOAP 10RS,10,96.5
GRB 50ML,2,96
MEDIMEX SET,1,93
CORN FLOUR,2,92
CLOSE UP 100,2,92
K.DEVAN 100GM,3,92
MEDIMIX S,3,91
MAGGI 6PACK,1,90
T.STICKS,0.45,90
MANGAL DEEP DOOP,6,90
AA CP 100GM,2.5,90
3ROSES 100G,1,83
SANDIGE 500GM,1,80
KASURI METHY 25G,4,80
CASEW JH 10RS,8,80
TOMOTO SAUCE,5,80
PICKLE 20RS,4,80
K.DEVAN 250GM,1,77
G LABLE 200G,1,77
SUNPURE 500ML,1,75
TATA GOLD 100G,2,74.28
L G PKT,1,74
EV CHAT 50GM,1,70
MTR VANGIBATH 10,1,68
LIFE BOY 10RS,7,67.5
SOUMF L,0.24,67.2
MTR SP 100G,1,65
MTR RASAM 100G,1,65
DABUR HONEY 100G,1,62
NYLON SAIGO 500G,1,60
AA PEPPER PO 50G,2,60
TASTING POWDAR,0.3,60
DALDA 200ML,2,60
OMA 100GM,2,60
KIS JAM 20RS,3,57
SOUMP 50G,4.1,51.5
U YELLU,0.25,50
SUNDROP BUTTER 2,1,50
MTR RASAM 10RS,5,50
AA JEERA PO 50GM,2,50
MASUR BLACK,0.5,49
SH CHIKEN,1,48
PATANJALI 100GM,1,48
MALGUDI 50RS,1,47
MANGALDEEP 50RS,1,46
MTR CP 100GM,1,45
ASH SEMIYA 500,1,45
GINGER GARLIC 5R,9,45
PALAV LEAF LOOSE,0.15,42
MTR 10RS,4,40
SCBRITE 10RS,4,40
SODA,4,40
DABUR HONEY 50G,1,40
CHETA MBOX,4,40
STAR KESAR,4,40
VIM LIQ 20RS,2,39
DET REF,1,38
LIFE BOY REF 40R,1,37
YIPPEE 12RS,3,36
BLECHING POWDER,2,36
STEEL SCRUB,3,36
AA BIRIYANI 50GM,1,35
MTR LIME 15RS,2,30
SUN SILK 1RS,30,30
RIN 5 RS,6,30
TEJU 10RS,3,30
JEERA 10RS,3,30
CAMPAR 20RS,3,30
AA SP 10RS,3,30
HOMELITE,3,30
APLA 30RS,1,28
VIM 25RS,1,27
RAGI FLOUR,0.72,26.8
ARASAN SOAP 250G,1,25
SH SP 50GM,1,25
SURF EL 10RS,2,20
SOYA SAUCE,1,20
CYCLE 10RS,2,20
SUNRISE 10RS,2,20
FAIR N LOVELY 20,1,20
MTR PALAV 10RS,2,20
SAIGO 100GM,1,18
KUNKMA 10RS,1,18
B THILL 50G,1,16
ACT 15RS,1,15
PATTA 10RS,1,10
BADAM SEEDS 10RS,1,10
BRU 10RS,1,10
AA APPALA,1,10
ANNAS FLOR 10RS,1,10
GRB 10RS,1,10
,-----,-----------
SubTotal,12830.095,714940.8
,,
Discount                       -59.49,,
,,
Tax Details :,,
  GST Collected                  3.71,,
-------------------------------------,,
715004,,
-------------------------------------,,
