E    SRI VIGNESHWARA RICE TRADERSF,,
,,
Sales Summary  01/04/2023-30/04/2023,,
,,
Product Name,Qty.,Amount
,,
FINE SONA,1329.5,75936.4
SUNPURE 1LT,211,27031
ROYAL SONA,441.5,23248
SHIVALING FINE,163.8,21788.2
OLD SONA,347.13,15944.29
SPL SONA,274.8,14217
BULLET RICE,155,11229
ATTA SPL,258.5,10281
SUGAR,241.9,9844.7
CHILLI [B],12.65,9344
URID DALL,66.3,8465.7
HMT OLD,111,7549
GN SEEDS,44.35,6280.75
W TASTY,98,5554
MOONG DALL,45.8,5551.7
KOLAM OLD,84,5468.5
ASH ATTA 10KG.,11,5370
GEMINI OIL 1LT,36,5034
BULLET SONA,76.5,4598
FREEDOM SF OIL,32,4095
CHILLI [G],8.75,3840
JAGARRY R,64.97,3837.28
RAJMOUDI RICE,59.3,3558
GINGELLY OIL 1LI,29,3466
ASH ATTA 5KG,11,3310
GOLD WINNER 1LR,25,3305
GRB 500ML,8,3265
FORTUNE OIL,24,3126
B L RAGI FLOOR,62,3113
RAVA(M),59.15,2876.2
COTHAS 500G,8,2405
10KG BABA GOLD,4,2340
FRIED GRAM,25,2252
GRAM DALL,27.15,2178.25
DHANIYA FINE,11.95,2070.5
CHILLI [M],6.4,2046.75
PONNY SPL,32,2024
OFFER 1999,1,1999
JEERA FINE 100G,33.5,1976.5
AVALAKKI,40,1975.5
DHEEPAM 1LR B,10,1930
DOSA RICE (FINE),55,1890
URID GOLA,14.75,1882
GREEN MOONG,15.5,1863
RUCHI GOLD,18,1858
ASH ATTA 1KG,27,1755
PEPPER FINE 100G,21,1590
IDLY RICE,39.5,1585
SUPER SONA,27.8,1529
GINGELLY OIL 500,25,1498
ARIEL FR 4KG,1,1420
5LIT SUNPURE CAN,2,1420
HMT SONA,26,1404
BEST SONA,26,1404
BABA BLK BULET,26,1404
SURF XL TOP 6KG,1,1400
MAGGI 8PACK,13,1354
WHEEL POWDER 1KG,18,1334
JEERA FINE 250G,6,1230
BROKEN RAW,35,1225
NANDINI 1LR,2,1195
PANCHAMI OIL 1LB,6,1175
WHEAT FINE,28.25,1151
RAW SONA,20,1123
B L BANSI 1KG,20,1119
TABLE PAPER,10,1100
CASHW 250GM,4,1095
IND CLASIC,6,1035
HARPIC 500ML,10,1009
LONG BODY,26,1002.5
BLACK STONE 125R,8,995
HARPIC 1LTR,5,995
KNG GR OIL,6,961
B TILL 100,35,945
ARIEL FR 2L,2,935
B GRAM,11,888.5
PARRY SUGAR 1KG,19,888
SURF 2L FR,2,880
RED BOILED,17,850
TIDE 1 KG,6,850
AASHIRVAD SALT,33,847
PURI 500GM,19,845
ANN.ROCKSALT 1KG,43,840
GRB 500ML B,2,835
B L MAIDA 1KG,15,801
FORTUNE MUS OIL,4,800
WALNET 200GM,2,765
5LTR GEMINI,1,740
POPPY SEEDS 100G,4,736
AMRUTHAM OIL 1LR,3,735
MUSTARD FINE 100,35,714
PISTA 200GM,2.05,701
LUX 100GM,19,684
ASH MULTI 5KG,2,680
COMFART 800ML,3,675
LOBO,6.75,674
VIJAY RICE FLOOR,14,672
FORTUNE RC,4,642
DAR FANTASY 40RS,16,640
SURF XL 35RS,18,626
3ROSES 250G,3,621
HORSE GRAM,6.75,616.25
P CHUTE 200ML,8,602
MUSTARD 250G,9,602
VIM 10 RS,58,579
CYCLE 50RS,12,576
BOOST 1KG,1,575
RED LABEL 500G,2,565
SAIGO,5.75,565
COPRA,2.78,563.2
LIFE BOY 36RS,16,561
SUNPURE 500ML,8,560
TEJU 500GM,4,560
CASHW FINE 100GM,6,555
DOVE SET 235,2,540
JAGGARY (H),8.88,531.6
AA CP 500GM,3,528
JAGARY BUCKET,7,515
AA 10RS,48,515
RED LABEL NC 250,3,512
KRISHNA 200ML,3,502
SURF XL 22RS,23,500.5
ANIL SEMIYA 500G,9,496
P CHUTE 600ML,2,484
SURF XL TOP 1KG,2,483
B L RICE FLOOR,10,482
METHI 250GM,8,481
BOOST 500G,2,480
B L CHIROTI 500G,16,469
ZEERA RICE FINE,4,466
KABUL,3,466
DHEEPAM 1LTR P,3,460
YALAKI FINE,0.17,459
JEENI SPL,1,440
B L AVALAKI M,11,428
PEPPER 50GM,9,427
APLA 70RS,8,425
BIOGAN BIG,2,420
SANTOOR 38RS,12,420
BROOM GALA,3,420
METHI 100G,16,417
SURF XL TOP 1,2,415
MTR PULIOGARE 20,3,400
AA CHIKEN 100GM,10,400
RED LABEL 100G,9,396
MY SANDLE B,6,396
ANJURA,1,395
SAFOLA GREEN,2,390
TAMRAND,2.36,386.35
GRB JAMUN 1=1,3,385
VIM LIQ 750ML,2,385
MASUR DALL,3.5,385
EXO ROUND B,6,383
MTR T POW 100G,13,383
WATER GLASS,4,380
AA TP 100GM,14,380
COL PASTE 100GM,6,380
MY SANDEL S,9,373.5
POPPEY SEEDS 50G,4,373
CONGRAS GN,2,370
MAIDA SPL,7.5,360
FAIR N LOVELY 50,3,360
BASMATHI RICE,3,360
DABUR PASTE 200G,3,351
B L GFLOOR 500,7,346
NYLON SAIGO 500G,5,345
POWER SOAP,34,339.4
LIZOL 500ML,4,336
VIJAY IDLY RAVA,7,336
MTR PULIOGARE 10,5,334
VASU BIG,10,330
ASH SELECT 5KG,1,328
NANDINI GHEE 200,4,320
DRY GRAPES 250GM,3,320
ARIEL TOP 500GM,2,314
L G POWDER 50GM,4,313
HORLICKS WOMEN 5,1,310
SURF EASY 1KG,2,310
RAVA B,6.5,309
HARPIC RED 200,3,306
COTHAS 100G,5,300
NANDINI 500ML,1,300
RIN POWDER 1,3,300
HIDE N SIKE,10,300
GINGER GARLIC,2,300
DRY GRAPES 100GM,7,300
COL MAX 100GM,5,295
EV TIKALAL 100,5,292
BALLAR,2,290
GRB 100ML,3,288
KLF 500ML,2,286
TASTING POWDAR,1.35,282
RED LABEL 250G,2,282
MTR BISIBELE 100,4,272
FREEDOM 10LR,1,270
SABEENA 500GM,27,268.5
MAGGI 12RS,19,266
RIN BIG BAR,10,265
GARBAGE M,4,265
MADHUR SUGAR 5KG,1,265
RIN SOAP 10RS,26,250.6
3ROSES 100G,3,249
MTR BADAM POW 50,1,245
TATA SALT,9,243
HIDE N SICK 60RS,4,240
SENSODENE 125,2,240
PEPSDENT 200GM,3,240
AJAY HARD,12,240
HIMALAYA SOAP S,1,235
BADAM SEEDS 250G,1,235
MY SANDEL SET,1,235
MTR RAVAIDLY 1KG,1,230
GRAM FLOOR SOAP,6,228
PATTA,0.45,226.5
TAJ 250G,1,225
MTR DP 100G,7,224
MACRONI LOOSE,2.25,222.5
GRB CP 100GM,6,222
MAGGI 4PACK,4,220
SANTOOR 222RS,1,218
VIM 33RS,7,216
SENSODENE 220RS,1,215
MTR SEMIYA 900G,3,213
PICKEL 1KG,2,210
VANISH B,1,210
TIDE 500GM,3,210
EV KASMIRI 100GM,2,210
RAGI,5.3,206.4
W THILL 100G,6,206
BLACK STONE 55RS,4,205
MTR G MASALA 50,4,204
GREEN PEAS,2.25,200.25
COL PASTE 50GM,10,200
H N S SHAMPO 200,1,195
VIM 5RS,40,193.4
SURF EASY 500G,2,191
TRESEME RED,1,190
AA DP 100GM,6,190
CLOSE UP 100,4,188
WHEEL SOAP 10RS,19,186.1
COCONUT POWDER,1,185
DETTOL SET 199,1,185
TAJ 100G,2,184
MESWAK OFFER,1,180
LION DATES 500,1,180
TIDE LIQ FR,1,180
EXO ROUND S,6,180
FAIR N LOVELY 25,3,180
BARLY 100G,9,180
SAFOLA TASTY,1,178
GRB 200ML B,1,177
COL PASTE OFFER,1,176
MTR CP 100GM,4,175
AA CHIKEN 500GM,1,175
VIM TUB 60RS,3,174
AVALAKKI 500GM P,2.5,173
H&S SHAMPO 2RS,86,172
GALA BROOM 210,1,170
BADAM SEEDS 100G,2,170
PANCHAMI 500MLB,2,170
SWA GARAM 200,3,170
ASH CP 100,4,166
VIM LIQ 20RS,9,166
COFFE GLASS,3,165
DRY GRAPES BLACK,1,165
CHARPAPPU,0.1,164
LEVISTA 2RS,82,164
CLI SHAMPO 1RS,161,161
KIS JAM 500,1,160
SOYA CHUNKS 200G,3,160
PARLE G 10RS,16,160
SURF 10RS,16,160
EVEREADY S,8,159
VIM LIQ 250ML,3,159
COL SALT 20RS,8,158
K DEVAN 250GM,2,154
G LABLE 200G,2,154
RED RAW,2.5,150
MR MUSEL,1,145
JAGARRY POWDER,2,145
PITAMBARI 100G,3,142
AA SP 100GM,3,142
MTR RASAM 100G,2,141
AA DP 500GM,1,140
MUSTERD LOOSE,1,140
MEAL MAKER,1,140
KIS SQUASH,1,140
MTR JAMUN OFFRR,1,140
HAMAM SOAP,4,138
JAPATRE L,0.05,137.5
MILK MAID,1,136
MTR VANGIBATH 10,2,136
Z POWDER,1,135
LIZOL 1LR,1,135
PARLE G 1KG,1,135
DETTOL SOAP S,3,135
STEEL SCRUB,11,134
BOOST 200GM JAR,1,132
RICE FLOOR,3,132
KPL 500ML,1,130
VVD OIL 500ML,1,130
MTR RASAM 200G,1,130
MESWAK 100GM,2,130
SENSODENE 135RS,1,130
MANGAL DEEP DOOP,8,126
SANTOOR SET 130R,1,125
VIM SET 130,1,125
MTR SP 200G,1,125
EXO 10RS,12,125
RIN POWDER 10RS,13,123.5
SURF XL 500GM,1,122
COL BRUSH 20RS,5,122
IND DOAA MIX,1,120
SANTOOR 10RS,12,120
PHENYLE,2,120
GRB DP 100GM,4,120
MTR BADAM POW 20,1,120
AMRUTHAM OIL 500,1,120
RAVA B PKT,2,116
DABUR HONEY 250G,1,115
IDAYAM OIL 500ML,1,115
MARGO SET,1,115
COMFART 180ML,2,112
WHEEL POWDER 500,3,111
BROOM BLUE,1,110
SURF TP 500,1,110
AA GARAM 50GM,4,110
PEARS SOAP B,2,106
LAVANG L,0.1,106
ROCKSALT,6,106
CAMPAR 50RS,3,105
SH CHIKEN,2,103
ODONIL,2,100
CK COFFE 100GM,1,100
TIDE 10RS,10,100
G FLOUR,1.25,100
KARJURA 250GM,1,100
GRB TP 100GM,3.5,100
GRB 50ML,1,100
VIJAY RAGI FLOOR,2,96
PICKLE 50RS,2,96
LAVANG 10GM,6,95
RAVA(C),1.75,94.5
MEDIMIX S,3,93
SANI FRESH 1=1,1,90
BASMATHI PUALO,1,90
CAMPAR 150RS,1,90
RAGI FLOUR 1KG,2,90
MTR SEMIYA 500G,2,90
3ROSES NC 100G,1,88.57
BALLAR DAL,0.5,85
MTR PULIO 12RS,7,84
APLA 30RS,3,84
TOMOTO SAUCE,1,80
LIP BALM,2,80
TATA PINK SALT,1,80
SOUMF 100GM,2,80
KASTURI METHI 10,2,80
CASEW JH 10RS,8,80
ACT 10RS,8,80
LIFE BOY 10RS,8,80
HIMALAYA BABY CR,1,78
MALGUDI 40RS,2,78
ARIEL 500GM,1,77
GOOD KNGHT LIQUI,1,75
AA JEERA PO 50GM,3,75
SURF XL 10RS,5,75
BRU 2RS,38,74.8
L G PKT,1,74
MTR JEERA POW 50,2,74
DALDA 200ML,2,72
SSP 1G,4,72
CYCLE DOOPA 72,1,72
GOOD DAY 25RS,3,71
CAMPAR JAR,1,70
DOVE SHAMP S,1,70
AA CP 100GM,2,70
SWARNA CHAMPA 60,2,70
G LABLE 100G,2,70
P CHUTE 100ML,2,70
EVEREDAY B,2,70
REXONA SOAP,2,68
SENSODEBE BRUSH,2,67
DABUR PASTE 100G,1,65
DETTOL LIQ 100ML,1,65
RED LABELE NC 10,1,64
COL SALT 100,1,64
DOVE SOAP,1,62
PALAV LEAF LOOSE,0.2,62
MTR LIME 15RS,4,60
COMFART 4RS,15,60
PATTA 10RS,6,60
PALAV MIX 10RS,6,60
MARRE GOLD 22RS,3,60
YALAKI POWDER B,2,60
ANNAPURNA ATTA 1,1,60
APLA MASALA 70RS,1,60
SWA RAVA IDLY 1=,0.5,60
IG PULIOGARE,6,60
ANIL BROKEN WHEA,1,58
AKAR ROCK SALT,3,54
BLECHING POWDER,3,54
SWA 10RS,5,54
ANILL APLAM B,1,54
J SOAP 55RS,1,53
HIMALAYA SOAP 62,1,52
DOVE SHAMPO 2RS,25,50
YALAKI 10GM,3,50
CHETA MBOX,5,50
RED LABLE 10RS,5,49.5
B L IDLY RAVA,1,48
ENO 10RS,6,48
MANGALDEEP 50RS,1,46
FORTUNE M OIL200,1,46
CASTROL OIL 50ML,1,45
SUGAR CANDY,0.2,45
CASHEW JH,0.05,44.5
OMA 100GM,1,40
WHISPER,1,40
LIPTON G TEA,1,40
GOOD DAY 10RS,4,40
MTR RASAM 10RS,4,40
RIN 5 RS,8,40
GAR COLOR BLK PK,1,40
LAVANGA 10RS,4,40
DRY GRAPES 10RS,4,40
PICKLE 20RS,2,40
TATA GOLD 100,1,39
EV CHAT 50GM,1,38
BUDS TULIP,1,37
LIZOL S,1,36
BADAM SEEDS,0.05,35
CINTOL SOAP SET,1,34
MTR SEMIYA 200GM,2,34
ORAL BRESH 20RS,1,30
STAR KESAR,3,30
CELL 16RS,2,30
CYCLE 10RS,3,30
GINGER GARLIC 5R,6,30
GRB 10RS,3,30
BROKEN WHEAT,0.5,30
HOMELITE,3,30
MARRE GOLD 10RS,3,30
SODA,3,30
CORN FLOOR 100GM,1,25
MTR ROAST SEMIYA,1,25
PARLE G 25RS,1,25
JAGARY CUT,0.2,24
SUNRISE 2RS,12,24
MTR BISIBELE 10R,2,24
CAMPAR 20RS,2,22
ANIL SEMIYA 200M,1,22
KARJURA 500GM,0.1,22
HING 10RS,2,20
MTR 10RS,2,20
JEERA 10RS,2,20
DABUR PASTE 20RS,1,20
KIS JAM 20RS,1,20
SAIGO 100GM,1,20
BRU 10RS,2,20
MTR BIRIYANI 10R,1,12
OREO 10RS,1,10
TEJU 10RS,1,10
SCBRITE 10RS,1,10
                     ----------------,,
Sub Total,7359.34,467531.14
,,
Discount                       -29.43,,
,,
Tax Details :,,
  GST Collected                  4.43,,
-------------------------------------,,
467565,,
-------------------------------------,,
