SRI VIGNESHWARA RICE TRADERS,,
,,
Sales Summary  01/05/2023-31/05/2023,,
,,
Product Name,Qty.,Amount
,,
FINE SONA,653.5,38103
SHIVALING FINE,215.75,29109.5
SUNPURE 1LT,231,28189
HMT OLD,352,24370
BULLET RICE,301,22008
OLD SONA,459,21594
URID DALL,145.25,18341.5
BEST SONA,280.5,15179.5
ROYAL SONA,295.7,15012.4
SUGAR,340,14100
FREEDOM SF OIL,111,13844
ASH ATTA 10KG.,27,12675
15 LTR GOLDWINNE,6,10560
RAW SONA,185,10331
KOLAM OLD,152,9854
BABA BLK BULET,182,9828
SUPER SONA,163.55,8593.15
GN SEEDS,53.65,7576.5
CHILLI [B],9.8,6859.8
CHILLI [M],20.8,6555.5
ATTA SPL,147,6162
NANDINI 1LR,10,5950
W TASTY,102,5907
GINGELLY OIL 1LI,49,5871
DHANIYA FINE,34.15,5736
FRIED GRAM,59.6,5312.55
GREEN MOONG,43.5,5218
AVALAKKI,93.25,4538.5
RAGI,117,4530
SURF XL FR 6KG,3,4180
ASH ATTA 5KG,14,4176
GRB 500ML,10,4090
TABLE PAPER,50,4000
GOLD WINNER 1LR,29.5,3783
MOONG DALL,30.5,3684
JEERA LOOSE,6,3680
COTHAS 500G,12,3640
RAJMOUDI RICE,62.25,3585
10KG SPOORTHI,6,3530
CHILLI [G],8.47,3512.65
BABY CASHW,6,3120
10KG BABA GOLD,5,3000
JEERA FINE 100G,42,2927
ARIEL FR 4KG,2,2840
IND CLASIC,15,2700
JAGARRY R,44.14,2569.39
B L BANSI 1KG,47,2557
ARIEK TOP 6KG,2,2540
RAVA(M),49.5,2394
GEMINI OIL 1LT,18,2377
GRAM DALL,28.75,2321.5
MAIDA SPL,47,2274
WATER GLASS,30,2250
KV GOLD 26KG,30,2220
PEPPER FINE 100G,25,1990
GINGELLY OIL 500,31,1891
15 LTR SUNPURE,1,1880
POPPY SEEDS 100G,10,1820
CASHEW FULL,2,1760
B GRAM,21.4,1758.15
PONNY SPL,27,1703
TEJU 500GM,12,1680
DOSA RICE (FINE),46.5,1671
HMT SONA,28,1618
VRT SONA,26,1612
VIJAY IDLY RAVA,35,1605
BROOM BLUE,13,1580
MTR SP 500GM,6,1560
B L GFLOOR 500,30,1544
ANIL SEMIYA 500G,28,1540
G FLOUR,16.75,1480
WHEEL POWDER 1KG,20,1480
FORTUNE OIL,11,1426
ZEERA RICE FINE,11,1289.5
P CHUTE 600ML,5,1215
DHEEPAM 1LR B,6,1170
APLA 70RS,19,1167
RUCHI GOLD,11,1127
RED LABEL 500G,4,1120
SURF EASY 1KG,7,1110
ASH ATTA 1KG,17,1105
AASHIRVAD SALT,43,1075
URID GOLA,8.4,1060.75
IDLY RICE,26,1056
CASHW FINE 100GM,11,1039
MUSTARD FINE 100,49,1014
ANN.ROCKSALT 1KG,53,1013
TIDE 1 KG,7,1003
RED BOILED,20,1000
BRU 500G,2,995
KABUL,6.6,977.55
PEPPER LOOSE,1.5,975
AA 10RS,87,955
MY SANDEL SET,4,953
B L RICE FLOOR,21,948
TAMRAND,6.1,947.25
BROKEN RAW,26,939
FORTUNE RC,6,932
PICKELE 5KG,3,930
RED LABEL 100G,20,929
LIFE BOY 36RS,26,926
B L RAGI FLOOR,19,915
PARRY SUGAR 1KG,20,882
RED LABEL 250G,6,845
TATA SALT,31,834
KNG GR OIL,5,828
HARPIC 500ML,8,826
MILK MAID,6,816
VASLINE COCO B,2,815
SAIGO,6.5,800
MY SANDLE B,12,794
KRISHNA 500ML,2,793
SPL SONA,13.6,750
COL PASTE OFFER,4,731
MTR SEMIYA 900G,11,721
COPRA,4.01,713.2
ASH MULTI 5KG,2,705
GRB 200ML B,4,703
LOBO,6.85,701.8
METHI 100G,27.5,701
SANDIGE 1KG,5,700
MTR JAMUN OFFRR,5,700
5LIT SUNPURE CAN,1,695
T.STICKS,3.3,692
RED LABEL NC 250,4,686
DHEEPAM 1LTR P,5,680
TAJ 250G,3,677
MOP 240,3,670
VVD OIL 500ML,5,665
SANTOOR 38RS,19,665
VIM 33RS,20,651.8
MTR RASAM 200G,5,650
NYLON SAIGO 500G,10,650
MTR T POW 100G,21.5,649
GREEN PEAS,6,640.5
HORSE GRAM,6.5,638.25
COFFE GLASS,14,630
PEDIASURE 400GM,1,620
RAVA(C),13.25,606
BLACK STONE 125R,5,590
SURF XL 22RS,27,588.5
RIN BIG BAR,22,583
GRB 100ML,6,576
TIDE LIQ FR,3,575
DRY GRAPES 250GM,6,571
TIDE POWDER 6KG,1,565
WHEAT FINE,14,560
TAJ 100G,6,558
ANNAPURNA COFFE,2,550
MAGGI 12RS,40,548
ANNAPURNA COFFE,4,546
RED LABLE 1KG,1,545
MTR CP 100GM,12,540
LAVANG L,0.5,536
MESWAK OFFER,3,528
JEERA FINE 250G,3,525
CYCLE 50RS,11,521
YALAKI FINE,0.2,503.75
B L CHIROTI 500G,18,502
MUSTERD LOOSE,3.5,490
MTR RAVAIDLY 1KG,2,490
SABEENA 500GM,49,490
ASH ATTA 2KG,4,488
VIJAY RICE FLOOR,10,488
IDAYAM OIL,1,470
DETTOL SOAP S,10,462
SURF 2L FR,1,460
HIMALAY B SHAMPO,2,460
MR MUSEL,3,450
POPPEY SEEDS 50G,5,450
HORLICKS 1KG,1,430
VIM 10 RS,43,430
3ROSES 250G,2,422
COCONUT POWDER,2,420
BOOST 750GM,1,418
GRB 500ML B,1,415
METHI L,3,410
DRY GRAPES L,1,410
LIZOL 1LR,3,407
FORTUNE MUS OIL,2,405
PURI 500GM,9,405
CLI SHAMPO 1RS,402,402
B L MAIDA 1KG,8,402
COLIN 500ML,2,400
RIN POWDER 1,4,400
BLACK STONE 55RS,8,400
SANTOOR SET 210R,2,395
SAFOLA GREEN,2,390
L G POWDER 50GM,5,385
SURF EASY 500G,5,384
VIM LIQ 750ML,2,383
BADAM SEEDS 250G,2,380
MTR BADAM POW 20,3,363
FAIR N LOVELY 50,3,360
J SHAMPO M,2,360
LUX 100GM,10,360
PATTA,0.78,358.7
SURF EXCEL SET,3,357
SUNRISE 200G,1,355.93
DETTOL SET 199,2,352
GALA BROOM 210,2,350
B TILL 100,10,350
JEENI 1KG,1,350
TIDE 500GM,5,350
RAVA B,7.5,348
K CHOCOS,1,345
COL SALT 100,5,340
MTR BISIBELE 100,5,340
AA CP 500GM,2,335
P CHUTE 300ML,3,334
JAGGARY (H),5.1,333.5
PANCHAMI OIL 1LB,2,330
MTR CP 500G,2,330
RED RAW,5,325
COL PASTE 100GM,5,323
PISTA 200GM,1,320
MTR DP 500GM,2,310
H&S SHAMPO 2RS,155,310
MARGO SET,2,307
BROWN RICE,6,300
P CHUTE 200ML,4,300
RIN SOAP 10RS,30,295.2
WHEEL POWDER 500,8,295
KPL 500ML,2,290
PEPPER 50GM,6,288
MTR BISIBELE 200,2,284
MUSTARD 250G,5,280
COMFART 180ML,5,280
DAR FANTASY 40RS,7,280
BRU 200G,1,279.62
MTR VANGIBATH 10,23,276
HIDE N SIKE,9,270
GRB JAMUN 1=1,2,270
ARKA 500GM,3,270
MTR PULIOGARE 10,4,268
DRY GRAPES 100GM,6,265
HIMALAYA SOAP,5,260
DOVE SOAP,4,252
VIM 5RS,50,250
MTR DP 100G,8,246
CASHW 250GM,1,245
AMRUTHAM OIL 1LR,1,245
SURF XL 35RS,7,245
VIJAY RAGI FLOOR,5,244
LIZOL 500ML,3,244
MTR PULIO 12RS,20,240
GARBAGE M,3,240
SURF FR 1LR,1,240
BOOST 500G,1,240
COL PASTE 200GM,2,239
LONG BODY,6,238
FAIR N LOVELY 11,1,236
AA TP 500GM,2,235
COMFART 450ML,2,233
G LABLE 200G,3,231
W THILL 100G,6,228
POWER SOAP,23,226.4
3ROSES NC 250G,1,223.81
SAMRAT SEKAI POW,1.5,219
COL PASTE 50GM,11,217.5
MTR BISIBELE 10R,18,216
HORLICKS 500G,1,215
SURF XL TOP 1LR,1,215
CORN FLOUR,4,215
SAFOLA OATS 1KG,1,215
BOURN VITA 500G,1,214.29
EV KASMIRI 100GM,2,210
MASUR DALL,2,210
HARPIC 1LTR,1,210
BIOGAN BIG,1,210
MAP 300RS,1,210
HORLICKS 500 JUN,1,210
PARLE G 10RS,21,210
PEARS SOAP B,4,209
HARPIC RED 200,2,204
SUNRISE 50G JAR,2,200
PONDS M,2,200
ASH CP 100,4,199
NIVYA CREAM 100M,1,195
TOMOTO SAUCE,4,195
QUAKAR OATS 1KG,1,195
MAGGI 8PACK,2,195
H N S SHAMPO 200,1,195
PICKLE 50RS,4,194
RED LABELE NC 10,3,192
MEDMIX B,4,192
LIFEBOY 1=1,1,190
SOUMF 100GM,4,188
JEERA 50GM,5,185
MTR SEMIYA 500G,4,181
CLOSUP OFFER,1,180
SURF XL 10RS,12,180
COTHAS 100G,3,180
AVALAKKI 500GM P,2.5,180
LEVISTA 2RS,90,180
HIDE N SICK 60RS,3,180
VIM LIQ 20RS,9,176.5
MARRE GOLD 10RS,17.1,171
U YELLU,1,170
PANCHAMI 500MLB,2,170
HAMAM SOAP,4,169.5
STEEL SCRUB,10,166
SAFOLA GOLD,1,165
MTR PEPPER POW 5,2,160
KIS JAM 500,1,160
BADAM SEEDS 100G,2,160
OREO 10RS,16,160
SOYA CHUNKS 200G,3,160
J SOAP 55RS,3,159
SSP RED 5GM,1,155
ARIEL 500GM,2,154
JAPATRE L,0.055,154
HIMALAYA FACE WA,2,154
SH CHIKEN,3,152
B L AVALAKI M,4,152
GOOD KNGHT LIQUI,2,150
AA PEPPER PO 50G,6,150
JOLA POW 1KG,3,150
AA JEERA PO 50GM,6,150
GRB CP 100GM,4,150
HIMALAYA BABY CR,1,147
BASMATHI RICE,1,145
MACRONI LOOSE,1,145
TATA GOLD 250G,1,145
EVEREADY S,8,144
COL HERBAL 100,2,144
CYCLE DOOPA 72,2,142
SWA GARAM 200,2,140
TEJU GARAM 500GM,1,140
P CHUTE 100ML,4,140
KIS SQUASH,1,140
SUNRISE 2RS,70,140
SURF 10RS,14,140
BAJAJ ALMOND,1,136
LUX INT,2,136
MTR VANGIBATH 10,2,136
SOYA BEAN,1,135
PARRY`S SUGAR 1K,3,132
MESWAK 100GM,2,130
BUSH COLOR OR,2,130
SENSODENE 140,1,130
MY SANDEL S,3,125.5
SSP 5GM GREEN,1,125
AA TP 100GM,4.5,125
COL MAX 100GM,2,122
ANNAPURNA ATTA 1,2,120
SENSODENE 125,1,120
HIMALAYA SOAP 62,2,120
BROOM RED,3,120
HAND GLOVES,2,120
HEAD CAPS,2,120
GOOD DAY 10RS,12,120
FAIR N LOVELY 25,2,120
DABUR PASTE 200G,1,117
EV TIKALAL 100,2,116
AA GARAM 50GM,3,115
EXO ROUND B,2,115
VIM TUB 60RS,2,114
MTR SEMIYA R 500,2,111
DOMEX,1,110
ANIL BROKEN WHEA,2,110
TIDE 10RS,11,110
BIOGAN M,1,110
BRU 50G,1,107
CHIA SEEDS,3,107
KIS KETCUP,1,105
G LABLE 100G,3,105
BARLY 100G,5,105
ENO 10RS,11,105
RIN POWDER 500GM,2,104
PATANJALI 100GM,1,102
VENEGER,2,102
ODONIL,2,100
P CHUTE JASMINE,1,100
WHEEL SOAP 10RS,10,98.8
DOMEX TOILET,1,97
PARRY BROWN SUGA,2,94
MEDIMEX SET,1,93
EV GARAM 50GM,2,90
M MOGGU,0.08,88
3ROSES 100G,1,88
ANIL SEMIYA 200M,4,88
COPRA CUT,1,87
ANNAS FLOWER,0.08,84
DHEPAM OIL 500ML,1,80
NANDINI GHEE 200,1,80
ACT 10RS,8,80
MEERA SHAMPO 2RS,40,80
GIL PRISTO,4,80
SCBRITE 10RS,8,80
PALAV MIX 10RS,8,80
HOMELITE,8,80
BUDS TULIP,2,80
K DEVAN 250GM,1,77
SWA 10RS,1,75
MANGAL DEEP DOOP,5,75
AA DP 100GM,2.5,75
MTR BADAM POW 10,1,75
EV CHAT 50GM,2,74
MTR RASAM 100G,1,73
UJALA BIG,1,73
BALLAR,0.5,72.5
AA SP 100GM,1.5,72
HAMSA RICE,2,70
CAMPAR JAR,1,70
B L AVALAKI,2,70
REXONA SOAP,2,70
JAGARRY POWDER,1,70
SUNPURE 500ML,1,70
CINTOL SOAP SET,2,68
DABUR PASTE 100G,1,65
VASU BIG,2,65
APLA 30RS,2,62
BULLET SONA,1,62
MEDIMIX S,2,62
BRU 2RS,31,62
EXO ROUND S,2,60
BROOM K,1,60
YALAKI 10GM,3,60
APLA MASALA 70RS,1,60
GRB DP 100GM,2,60
RED LABLE 10RS,6,60
PEPSDENT 100GM,1,58
CYCLE 20RS,3,57
COL BRUSH 20RS,3,56
RAVA B PKT,1,56
SWARNA CHAMPA 60,1,55
PONDS 75RS,1,55
MAGGI 4PACK,1,55
SENSODEBE BRUSH,1,55
GINGER GARLIC 5R,11,55
SAIGO 100GM,3,54
CLOSE UP 100,1,53
VIM LIQ 250ML,1,53
YIPPEE 45RS,1,52
SUGAR CANDY,0.25,50
HOLIGE PAPER,5,50
BLOCK STONE 55RS,1,50
MTR G MASALA 50,1,50
CYCLE 10RS,5,50
BRU 10RS,5,50
CHANDRIKA SET,1,48
BAMBINO 500GM,1,47
MEDIMIX GLY,1,44
TATA ROCK SALT,2,42
GARLIC PASTE 200,1,40
GAR COLOR BLK PK,1,40
VASU 20RS,2,40
BALLAR DAL,0.25,40
TATA GOLD 100,1,39
LAVANG 10GM,2,39
MTR JEERA POW 50,1,38
DABUR HONEY 50G,1,37
ROCKSALT,2,36
COMFART 4RS,9,36
LIFE BOY REF 40R,1,35
NY THILL 100G,1,35
DALDA 200ML,1,35
CAMPAR 50RS,1,35
WHISPER,1,30
MTR 10RS,3,30
AA CHIKEN 10RS,3,30
IG PULIOGARE,3,30
SOYA CHUNKS L,1,30
KASTURI METHI 10,1,30
CP 100GM,1,30
JEERA 10RS,3,30
BLACK JEERA,0.1,30
B BANSI RAVA,0.5,29
SUNRISE 100G,30,28.5
PALAV LEAF LOOSE,0.1,28
KAL HUVA,0.03,25.5
LOBA [W],0.25,25
AA CHIKEN 50GM,1,25
UJALA S,1,25
TEJU GARAM 50,1,25
TASTING POWDAR,0.1,25
KARJURA 500GM,0.1,24
KIS JAM 20RS,1,20
TEJU 10RS,2,20
FAIR N LOVELY 20,1,20
OMA 50GM,1,20
INDICA COLOR 40R,1,20
SODA,2,20
SOUMP 50G,1,20
CAMPAR 20RS,2,20
B THILL 50G,1,20
HORLICKS 5RS,4,20
GRB 10RS,2,20
IDLY RAVA,0.5,19
BLECHING POWDER,1,18
YALAKI POWDER,1,16
BOOST 5RS,3,15
LIFE BOY 10RS,1,10
SANTOOR 10RS,1,10
PONDS 10RS,1,10
KUNKMA 10RS,1,10
BADAM SEEDS 10RS,1,10
CHETA MBOX,1,10
HING 10RS,1,10
RIN POWDER 10RS,1,9.5
VIM 25RS,,
,-----,-----------
SubTotal,8873.445,606500.69
,,
Discount                       -21.39,,
,,
Tax Details :,,
  GST Collected                102.92,,
-------------------------------------,,
606625,,
-------------------------------------,,
