SRI VIGNESHWARA RICE TRADERS,,
,,
Sales Summary  01/06/2023-30/06/2023,,
,,
Product Name,Qty.,Amount
,,
OLD SONA,1159,57117
KV GOLD 26KG,35,53375
FREEDOM SF OIL,336,39113
FINE SONA,601,36822
SUNPURE 1LT,217,25316
15 LTR SUNPURE,14,23520
BABA BLK BULET,39,19708
SHIVALING FINE,123.25,18901
SUGAR,422.25,17539
RAW SONA,250,14654
W TASTY,167,9932
ATTA SPL,254,9877
BULLET RICE,125.5,9420
SUPER SONA,161,9060.1
ASH ATTA 10KG.,19,9010
BEST SONA,150,8277
GRB 500ML,18,7306
RUCHI GOLD,76,7125
RAJMOUDI RICE,111,6870
KOLAM OLD,102.5,6749
URID DALL,49.1,6364
ROYAL BULLET 26,5,6250
GEMINI OIL 1LT,52,6178
GINGELLY OIL 1LI,54,6062
GN SEEDS,35.5,5148.25
HMT OLD,73,5098
JAGARRY R,82.23,4707.08
GRAM DALL,52.85,4466.9
DHANIYA FINE,23,3926.25
CHILLI [B],5.25,3704.25
IDLY RICE,86,3550
FORTUNE OIL,30,3514
MOONG DALL,27.65,3458.25
VRT SONA,54,3244
ROYAL SONA,63,3194.5
CHILLI [M],10.15,3151
GINGELLY OIL 500,54,3045
MTR SEMIYA 900G,42,3030
CHILLI [G],6.86,2863.2
GREEN MOONG,20.5,2609.75
B L BANSI 1KG,46.5,2507.5
COTHAS 500G,8,2500
RAVA(M),51.5,2497
COMFART 800ML,11,2475
NANDINI 1LR,4,2391
ARIEL FR 2L,5,2275
ASH ATTA 5KG,7,2083
AVALAKKI,40.75,2024
DOSA RICE (FINE),50.25,1835
FRIED GRAM,20.1,1813.5
15KG SUNPURE TIN,1,1795
ASH ATTA 1KG,26,1698
JEERA FINE 100G,21,1592
PEDI SURE 1KG,1,1590
BALLAR DAL,10,1580
LOBO,15,1547
SPL SONA,28,1544
B GRAM,16.75,1527.75
ARIEL FR 4KG,1,1430
B L RAGI FLOOR,29,1424
SURF XL FR 6KG,1,1420
URID GOLA,11,1418
IDAYAM OIL,3,1410
BADAM SEEDS 250G,7,1365
ANIL SEMIYA 500G,23,1332
B L GFLOOR 500,26,1314
BABA LACHKORI,26,1300
SANTOOR 38RS,37,1299
IND CLASIC,7,1295
DHEEPAM 1LR B,7,1280
WHEAT FINE,31.5,1260
JEERA FINE 250G,7,1232
ANNAPURNA COFFE,4,1175
B L CHIROTI 500G,41,1155
JAVE WHEAT,15,1155
SURF XL 35RS,33,1155
GOLD WINNER 1LR,9,1086
MAIDA SPL,22,1056
GRB 200ML B,6,1055
TIDE 1 KG,7,1054
G FLOUR,12.25,1039
HARPIC 500ML,10,1004
MTR JAMUN OFFRR,7,980
CASHW 250GM,4,980
AA 10RS,95,975
EXO ROUND B,16,917
B L MAIDA 1KG,17.25,890.75
WHEEL POWDER 1KG,12,888
ZEERA RICE FINE,7.5,886.5
CASHW FINE 100GM,9,853
GRB 500ML B,2,830
HORLICKS 500G J,3,830
CYCLE 50RS,17,810
BROKEN RAW,21.83,802.88
PISTA 200GM,2.5,800
H N S SHAMPO 200,4,780
ANNAPURNA ATTA 1,12,772
VIM LIQ 750ML,4,760
PURI 500GM,18,753
KESAR KLLI,10,750
MTR PULIOGARE 10,11,750
LIZOL 500ML,7,744
BOOST 500G,3,725
DAR FANTASY 40RS,18,720
PONNY SPL,11,715
SURF FR 1LR,3,700
RED LABEL 100G,14,694
W THILL 100G,18,641
YALAKI FINE,0.25,641
5LIT SUNPURE CAN,1,635
PEPPER FINE 100G,7.5,620.5
VANISH B,3,620
RIN SOAP 10RS,63,619.2
RIN BIG BAR,23,605.5
10KG BABA GOLD,1,600
CHIA SEEDS,24,600
RIN POWDER 1,6,600
HORSE GRAM,6,582
SWA RAVA IDLY 1=,4.5,572.5
POPPY SEEDS 100G,3,570
RED LABEL 250G,4,568
DOVE SET 235,3,555
MUSTARD FINE 100,26,544
VIM 10 RS,55,541.5
MTR BADAM POW 50,2,540
MAGGI 8PACK,5,526
MARRE GOLD 10RS,52,520
BROOM GALA,3,510
TAMRAND,3.15,508
COPRA,2.69,494.7
KABUL,3.25,486
KNG GR OIL,3,480
L G POWDER 50GM,6,480
AMRUTHAM OIL 1LR,2,470
TASTING POWDAR,2.1,465
KLF 500ML,4,464
AASHIRVAD SALT,18,461
FAIR N LOVELY 11,2,460
RED GOLD 1KG,1,460
ANN.ROCKSALT 1KG,23,460
POPPEY SEEDS 50G,5,455
LIFE BOY 36RS,13,455
GOOD KNGHT LIQUI,6,450
VIM 33RS,15,449
VIJAY RAGI FLOOR,9,446
3ROSES 100G,5,440
3ROSES 250G,2,435
NIVYA CREAM 100M,1,435
BOOST 750G,1,435
TATA SALT,16,432
KRISHNA ATTA 5KG,1,430
RAVA B,8,427
P CHUTE 500ML,2,425
JAGGARY (H),6.05,423.5
B L AVALAKI M,11,418
SOYA CHUNKS L,14,415
HARPIC RED 200,4,412
MY SANDEL S,10,409.5
BADAM SEEDS 100G,5,400
HIMALAYA FC B,2,397
P CHUTE 1LR,1,395
COL MAX 100GM,6,395
GREEN PEAS,3.75,393.5
RAGI,9.25,391
KRISHNA 500ML,1,390
G LABLE 500G,2,390
HIDE N SIKE,13,390
SWA GARAM 200,6,376
MAGGI 12RS,27,375
SURF XL 22RS,17,367
BLACK STONE 125R,3,365
LUX 100GM,10,360
FORTUNE MUS OIL,2,355
DABUR HONEY 250G,3,352
VIM TUB 60RS,6,351
STAY FREE 35RS,5,350
RED LABEL NC 250,2,347
COMFART 450ML,3,347
ASH MULTI 5KG,1,345
SENSODENE 125,3,342
RAVA B PKT,6,336
KRISHNA 200ML,2,335
COL PASTE 100GM,5,335
AA CP 500GM,2,334
KIS JAM 500,2,332
LAVANG L,0.3,332
P CHUTE 200ML,4,331
BIOGAN BIG,1,330
RED LABEL NC 500,1,330
WALNET 200GM,1,325
DABUR PASTE 100G,5,324
BRU 50G,3,321
METHI 100G,12,321
SURF EASY 1KG,2,320
DRY GRAPES 100GM,7,318
FORTUNE RC,2,316
BOURN VITA 750G,1,310
HORLICKS WOMEN 5,1,310
COL PASTE 50GM,15.5,310
GRB CP 100GM,8,303
APLA 70RS,5,300
NANDINI 500ML,1,300
VENEGER,12,300
DARK FANTSY BIG,1,300
B L RICE FLOOR,6,294
TIDE 500GM,4,283
METHI L,2,280
GRB TP 500G,3,280
RED LABEL 500G,1,280
JAGARRY POWDER,4,280
DHEEPAM 1LTR P,2,280
CYCLE DOOPA 72,4,280
DRY GRAPES 250GM,3,280
HIMALAYA SHAMPO,1,275
BROWN RICE,4.5,270
FOGG SPRAY,1,265
MTR T POW 100G,8.5,261
WHEEL POWDER 500,7,260
VIM SET 130,2,252
PHENYLE,4,250
P CHUTE 600ML,1,245
SURF XL FR 1KG,1,245
SURF XL TOP 1,1,245
COL PASTE 200GM,2,244
P CHUTE 300ML,2,244
VIJAY RICE FLOOR,5,244
PEARS SET 340,1,242
DETTOL SOAP S,6,242
GRAM FLOOR SOAP,6,240
COTHAS 200G,2,240
H&S SHAMPO 2RS,120,240
MUSTARD 250G,4,238
3ROSES NC 250G,1,236
DABUR PASTE 200G,2,236
COMFART 180ML,4,231
WAIPER 120RS,2,230
OREO 10RS,18,226
PICKEL 1KG,2,225
BARLY 100G,9,220
BOOST 200G,2,220
HORLICKS 500G,1,215
ARIEL TP 1KG,1,210
EVEREADY S,13,210
HIT S,1,205
MTR VANGIBATH 10,3,204
MY SANDLE B,3,200.5
GIL PRISTO,10,200
DOMEX TOILET,2,196
KARJURA 500GM,1,190
SABEENA 500GM,19,190
DOVE SOAP,3,189
CELL 16RS,12,187
LIFE BOY HNDD,2,184
MEDIMIX S,6,183
FAIR N LOVELY 25,3,182
SAIGO,1.5,181.25
SAFOLA GREEN,1,180
AJAY HARD,9,180
TEJU 10RS,18,180
VASU BIG,5,178
BLECHING POWDER,9,176
BROOM DOUBLE,1,175
P CHUTE 100ML,5,175
G LABLE 100G,5,175
NAPTHALE BALLS,5,175
OMA 100GM,4,175
DOVE COND,2,175
COLGATE CHARCOL,1,170
PATTA,0.3,170
SURF 10RS,17,170
L G PKT,3,170
CASTROIL 200ML,2,170
ACT 10RS,17,170
MADHUR SUGAR,3,168
MR MUSEL,1,167
MTR PULIO 12RS,14,167
METHI 250GM,3,165
MASUR DALL,1.5,165
JEERA LOOSE,0.25,165
SOYA CHUNKS 200G,3,165
ODONIL ROOM SPRA,1,165
YIPPEE 45RS,3,165
JEERA 50GM,4,165
SOUMF 100GM,4,164
SAFOLA GOLD,1,160
VOM GN,1,156
MARGO SET,1,155
AA DP 500GM,1,155
SURF EASY 500G,2,152
SANTOOR 10RS,15,150
VIM 5RS,29,145
DETTOL SET,1,145
B L AVALAKI,4,144
VIM LIQ 20RS,9,144
MTR VANGIBATH 10,12,143
MTR BISIBELE 200,1,142
CHANDRIKA SET,1,140
COL SALT 100,2,140
VVD OIL 500ML,1,140
ENO 10RS,14,140
MTR CP 100GM,3,140
AA JEERA PO 50GM,5,140
TEJU 500GM,1,140
REXONA SOAP,4,136
SENSODENE 140,1,135
ANIL SEMIYA 200M,6,132
GARBAGE M,2,130
SSP 5GM GREEN,1,130
GRB JAMUN 1=1,1,130
Z POWDER,1,130
BRU 10RS,13,130
RED LABELE NC 10,2,128
ROCKSALT,7,128
MARRE GOLD 1KG,1,125
IND RAGI SPL,1,125
MTR DP 100G,4,125
SURF EXCEL SET,1,120
COL MAX OFFER,1,120
PEARS BLUE,2,120
GRB DP 100GM,4,120
MTR BADAM POW 20,1,120
DET REF,3,118
ANIL BROKEN WHEA,2,116
CLI SHAMPO 1RS,116,116
KASTURI METHI 10,3,116
MONACO BIS,1,115
ASH CP 100,3,115
SUNRISE 50G,1,113
KARTIKA SHAMPO,1,112
CAMPAR 150RS,1,110
PHENYLE BLACK,2,110
CM COFFE 250GM,1,110
DOMEX,1,110
FORTUNE MUS OIL,1,110
GOOD DAY 10RS,11,110
MAGGI 4PACK,2,110
WHEEL SOAP 10RS,11,108.6
STEEL SCRUB,9,108
DHEPAM OIL 500ML,1,105
EV KASMIRI 100GM,1,105
PEPSDENT 2IN 1,2,100
ODONIL,2,100
BLACK STONE 55RS,2,100
MTR CP 500G,0.5,100
GRB 50ML,1,100
VIJAY IDLY RAVA,2,98
POWER SOAP,10,98
GRB 100ML,1,96
TOPRAMEN CURRY,1,95
CAMPAR 50RS,3,95
KARJURA 250GM,1,95
AA CHIKEN 100GM,2,95
PARRY BROWN SUGA,2,94
LION DATES 250GM,1,94
3ROSES NC 100G,1,93.33
BAMBINO 500GM,2,92
TAJ 100G,1,92
EXO ROUND S,3,90
AA GARAM 50GM,3,90
DRY GRAPES L,0.25,90
LG POWDER,1,85
PANCHAMI 500MLB,1,85
AA MUTTON 100GM,1,85
LONG BODY,2,84
SUNRISE 2RS,42,84
CYCLE 20RS,4,80
GAR COLOR BLK PK,2,80
MARRE GOLD 22RS,4,80
QUKER OATS 400GM,1,76
MACRONI LOOSE,0.95,76
MTR JEERA POW 50,2,76
ROBIN CUPS,1,75
CASTROIL 100ML,1,75
HIMALAYA FACE WA,1,75
K DEVAN 250GM,1,75
MTR BISIBELE 100,1,73
HAMSA RICE,2,72
MAGGI SAUCE 200,1,70
TEU CHIKEN 250,1,70
TEJU MUTTON 250,1,70
RED LINE,1,70
PALAV MIX 10RS,7,70
SUNPURE 500ML,1,70
HOMELITE,7,70
PARLE G 10RS,7,70
CAMPAR 20RS,7,70
EA TP 250,1,70
IG PULIOGARE,7,70
DABUR HONEY 100G,1,65
MTR SP 100G,1,65
K DEVAN 100GM,2,65
BAJAJ ALMOND,1,65
ANNAPURNA COFFE,1,60
COTHAS 100G,1,60
COL BRUSH 20RS,3,60
DETTOL LIQ 100ML,1,60
ANIL RAGI 500GM,1,60
PICKLE 20RS,3,60
SODA,6,60
EV TIKALAL 100,1,58
APLA 30RS,2,56
MTR SEMIYA R 500,1,55
SH SP 100GM,1,52
CLOSE UP 100,1,52
PONDS CREAM,1,50
RASNA POWDER,1,50
RED BOILED,1,50
BASMATHI PUALO,0.5,50
DOVE SHAMPO 2RS,25,50
AA TP 100GM,2,50
STAR KESAR,5,50
AA CHIKEN 50GM,2,50
SAFOLA OATS 16RS,3,48
PICKLE 50RS,1,48
PEPPER 50GM,1,48
COMFART 4RS,12,48
VASU 20RS,1,48
AA SP 50GM,2,48
VIJAY AKKI TARI,1,45
SAIGO 100GM,2,43
CASHEW JH,0.05,42.5
PITAMBARI 100G,1,42
WHISPER 36RS,1,40
KIS JAM 20RS,2,40
CAMPAR 100RS,1,40
EXO 10RS,4,40
TATA GOLD 100,1,39
CORN LOOSE,0.25,36.25
AKAR ROCK SALT,2,36
AA CP 100GM,1,35
CINTOL SOAP SET,1,35
PATANJALI SOAP,1,35
YALAKI 10GM,2,35
AA BIRIYANI 50GM,1,35
SOYA BEAN,0.25,30
AA DP 100GM,1,30
GINGER GARLIC 5R,6,30
RED LABLE 10RS,3,30
BOOST 5RS,6,30
SCBRITE 10RS,3,30
CYCLE 10RS,3,30
CHETA MBOX,3,30
WHISPER,1,30
PASTA 25RS,1,28
EV K METHI,1,27
UJALA S,1,25
RAGI FLOUR,0.5,25
FAIR N LOVELY 20,1,20
OMA 50GM,1,20
PATTA 10RS,2,20
SOUMP 50G,2,20
BRU 2RS,10,20
LAKSHMAN REKA,1,20
CASEW JH 10RS,2,20
MTR 10RS,2,20
PALAV LEAF LOOSE,0.045,19
KIS KETCUP,1,15
JOLA,0.25,12.5
JEERA 10RS,1,10
LIFE BOY 10RS,1,10
LAVANGA 10RS,1,10
DETOL LIQ 500ML,-1,-120
,-----,-----------
SubTotal,8123.655,631039.74
,,
Discount                       -26.59,,
,,
Tax Details :,,
  GST Collected                  4.67,,
-------------------------------------,,
631071,,
-------------------------------------,,
