SRI VIGNESHWARA RICE TRADERS,,
,,
Sales Summary  01/09/2023-30/09/2023,,
,,
Product Name,Qty.,Amount
,,
OLD SONA,587.25,30697.55
SHIVALING FINE,119.25,20878.75
KOLAM OLD,284.34,19530.12
KV GOLD 26KG,12,19380
BEST SONA,309.5,17951
SUNPURE 1LT,152,17553
FINE SONA,208.75,13295
SUPER SONA,200.35,12011
BULLET RICE,151,11504
SUGAR,203,8350.5
RAW SONA,131,8063
BABA BLK BULET,5,7740
FREEDOM SF OIL,60,6932
ATTA SPL,169.9,6787
ASH ATTA 10KG.,13,6365
GINGELLY OIL 1LI,55,6069
HMT OLD,84.25,6060.5
GN SEEDS,38.55,5768.2
BULLET SONA,101,5748.8
URID DALL,42.05,5506
GRB 500ML,13,5310
CHILLI [B],7.2,5290
IDLY RICE,117,5156.5
GOLD WINNER 1LR,42,4924
COTHAS 500G,13,4345
MOONG DALL,33.5,4285
JAGARRY R,72.325,4222.86
ROYAL SONA,75,4115
GRAM DALL,40.85,3901.95
10KG BABA GOLD,6,3850
PONNY SPL,55.8,3627
ASH ATTA 5KG,12,3547
FRIED GRAM,30.505,3206.53
CHILLI [G],7.1,3170.5
GREEN MOONG,23.005,3143.23
RAVA(M),65,3139
JEERA FINE 100G,36,3088
POPPY SEEDS 100G,16,3005
B GRAM,31.15,2930.6
ARIEK TOP 6KG,2,2725
DOSA RICE (FINE),65.5,2712
GINGELLY OIL 500,46,2700
SUNPURE 2LR,11,2535
NANDINI 1LR,4,2535
DHEEPAM 1LR B,13,2445
GEMINI OIL 1LT,20,2421
AVALAKKI,41.5,2323
NANDINI 500ML,7,2230
AA 10RS,155,2115
W TASTY,31.5,2034
RAJMOUDI RICE,29,2004
CASHW FINE 100GM,21,1981
RED GOLD 1KG,4,1920
FIONA OIL,17,1905
ANNAPURNA COFFE,6,1900
B L RAGI FLOOR,37,1836
URID GOLA,13.5,1790
15KG SUNPURE TIN,1,1740
KABUL,9.45,1736
PEDI SURE 1KG,1,1720
JEERA LOOSE,2.05,1719
LAVANG L,1.145,1685.25
KOLOM ST RICE,26,1644.5
RUCHI GOLD,17,1643
BROKEN RAW,41.7,1642
COPRA,8.15,1627.85
B L RICE FLOOR,35.5,1575
VOM GN,10,1566
DHANIYA FINE,8.5,1520
CHILLI [M],4.2,1511
ASH ATTA 1KG,23,1495
LOBO,11,1456.5
COMFART 800ML,6,1345
B L BANSI 1KG,24,1335
HORSE GRAM,10.25,1313.75
10KG SPOORTHI,2,1300
PEPPER FINE 100G,14,1276
MY SANDLE B,19,1254
WHEEL POWDER 1KG,17,1250
MAIDA SPL,30.5,1237.5
5LIT SUNPURE CAN,2,1230
KRISHNA 500ML,3,1230
SANTOOR 38RS,35,1210
SAIGO,8.25,1198.5
RED LABEL 100G,23,1197.5
VIM 33RS,38,1150.5
MTR SEMIYA 900G,15,1115
B L GFLOOR 500,22,1105
FORTUNE OIL,9,1074
B L MAIDA 500GM,39,1058
LIFE BOY 36RS,29,1054
DETTOL SOAP B,16,1040
TETLEY G TEA,6,996
MASUR DALL,9.255,980.53
WHEAT FINE,21.75,978.75
TATA SALT,36,976
RED RAW,15.5,967.5
GRB 100ML,10,964
COL PASTE OFFER,5,950
MUSTARD FINE 100,39,947
VIM LIQ 750ML,5,945
HARPIC 500ML,9,899
JAGGARY (H),14.665,888.4
TAMRAND,4.95,856.5
JEERA FINE 250G,4,840
RIN BIG BAR,32,783
HARPIC 1LTR,4,765
MTR T POW 100G,25,762
MTR JAMUN OFFRR,5.5,760
KESAR KLLI,10,760
MAGGI 12RS,54,756
MAGGI 8PACK,7,753
PATTA,1.6,732.5
JEENI 1KG,2,720
FORTUNE RC,5,718
POPPEY SEEDS 50G,8,715
ASH MULTI 5KG,2,710
BLACK STONE 125R,6,710
RAVA(C),14,710
ZEERA RICE FINE,6,706.5
RAGI,15.5,698.75
YALAKI FINE,0.24,696
RED LABEL NC 250,4,689
MEDMIX B,14,672
B TILL 100,19.5,666.5
BLACK STONE 55RS,13,663
W THILL 100G,19,663
DRY GRAPES 100GM,14.5,653.5
3ROSES 250G,3,651
LIZOL 500ML,6,642
PISTA 200GM,2,630
ANIL SEMIYA 500G,11,629
PHENYLE,10,620
METHI 100G,26,620
MTR PULIOGARE 10,9,618
SURF XL 22RS,28,611
ULLAS 60RS,11,606
APLA 70RS,10,600
RIN POWDER 1,6,600
PEPPER LOOSE,0.75,585
SENSODENE 125,5,584
VIM TUB 60RS,10,573
TAJ 100G,6,558
MUSTERD LOOSE,3,555
IND CLASIC,3,550
DOMEX,5,550
ARIEL 500GM,6,543
FORTUNE MUS OIL,3,540
VIM 10 RS,54,536.5
GREEN PEAS,4.5,530
COL PASTE 100GM,8,527
METHI L,3,525
AASHIRVAD SALT,20,524
DAR FANTASY 40RS,13,520
BADAM SEEDS 100G,6,510
ANNAPURNA COFFE,8,503
SOYA CHUNKS 200G,9,500
GARBAGE M,7,500
JAGARY BUCKET,7,485
SURF EXCEL SET,4,480
RED BOILED,10,480
SURF EASY 1KG,3,480
SUNRISE 2RS,236,472
DHEPAM OIL 500ML,5,470
PEPPER 50GM,10,466
ARIEL FR 2L,1,460
FAIR N LOVELY 11,2,460
SURF FR 1LR,2,460
TAJ 250G,2,453
HORLICKS 500G,2,450
RED LABEL 250G,3,444
B L AVALAKI M,11,444
MTR SEMIYA R 500,8,440
BADAM SEEDS 250G,2,440
SURF 2L FR,1,440
AA JEERA PO 50GM,11,438
B L CHIROTI 500G,15,436
HIMALAY B SHAMPO,1,435
PEARS SET 230 RS,2,435
RIN SOAP 10RS,44,433
LUX 100GM,12,431
JAGARRY POWDER,6,430
LIZOL 1LR,2,425
GRB 500ML B,1,420
WHEEL POWDER 500,11,415
MTR PULIO 12RS,34,405.6
B L IDLY RAVA,8,405
MTR CP 500G,2,400
ANN.ROCKSALT 1KG,20,400
AA CHIKEN 100GM,7,400
SANTOOR 222RS,2,395
HIMALAYA FC B,2,390
EA KCP 250GM,2,380
MY SANDEL S,9,373.5
TIDE 500GM,5,372
ASH ATTA 2KG,3,364
KLF 500ML,3,360
BOURN VITA 750G,1,360
CYCLE 50RS,7,350
JAVE WHEAT,5,350
SURF XL 35RS,10,346.5
GRB 200ML B,2,345
W TILL LOOSE,1.25,345
MARRE GOLD 10RS,34,340
PEARS SET 340,1,335
COL MAX 100GM,5,330
PARRY BROWN SUGA,7,326
L G POWDER 50GM,4,325
T.STICKS,1.25,323.5
SURF EASY 500G,4,320
MTR CP 100GM,7,318
TIDE 1 KG,2,310
DARK FANTASY 170,2,300
P CHUTE 200ML,4,297
RED LABEL 500G,1,280
H&S SHAMPO 2RS,134,280
B L MAIDA 1KG,5.5,280
DRY GRAPES 250GM,3,278
BALLAR,1.5,277.5
MAGGI 4PACK,5,272
SAFOLA GREEN,2,270
MTR BADAM POW 50,1,270
DOMEX TOILET,2,270
CAMPAR 150RS,2,270
CASHW 250GM,1,265
PEARS SOAP B,5,265
MTR VANGIBATH 10,22,261.6
MY SANDLE GOLD,3,261
SENSODENE 135RS,2,260
ARIEL 1 KG,2,260
COL PASTE 200GM,2,260
SABEENA 500GM,24,260
MTR PULIOGARE 20,2,260
MTR VANGIBATH 20,2,260
SUNSILK 200ML,2,260
PEARS BODY L,2,260
NYLON SAIGO 500G,4,260
COL PASTE 50GM,13,259
DOVE SET 235,1,252
MTR DP 100G,8,251
SSP 5GM GREEN,2,250
L G PKT,3,250
BOOST 500G,1,245
MTR BADAM POW 20,2,245
TATA GOLD 100,5,240
JEERA 50GM,6,240
G LABLE 100G,6,236
COL BRUSH 20RS,11,235
MTR VANGIBATH 10,3,232
ODONIL,4,220
SURF XL FR 1KG,1,220
AA PEPPER PO 50G,4,220
AVALAKKI 500GM P,2.5,220
AA DP 100GM,7.5,220
P CHUTE 600ML,1,220
PARLE G 10RS,22,220
MTR SP 100G,3,219
SURF XL 1KG,1,215
SUNRISE 100G,1,213
VANISH B,1,210
BIOGAN BIG,1,210
HORLICKS 200G,2,210
AA GARAM 50GM,6,210
JEENI 500G,1,200
IND DOAA MIX,2,200
GRB 50ML,2,200
AA SP 100GM,4,200
DABUR PASTE 100G,3,195
H N S SHAMPO 200,1,195
MOP 240,1,195
VIP COLOR,4,194
SOUMF 100GM,4,194
LIFEBOY 1=1,1,190
SENSODENE 195,1,190
SWA SP 500GM,1,190
CLOSUP OFER 160R,1,188
SURF TP 1LR,1,185
CASHEW JH,0.2,180
SHANTALA 40RS,5,180
MTR SEMIYA 500G,4,180
HIDE N SIKE,6,180
GODREJ COLOR,5,175
PEPSDENT 100GM,3,174
HORLICKS BISCUT,3,171
ARIEL F 1P,1,170
CLI SHAMPO 1RS,170,170
ARIEL FR 1LR,1,170
OREO 10RS,17,170
MR MUSEL,1,165
KARJURA 250GM,1,165
B L RAVA ROST,3,165
MTR RASAM 100G,2,165
SWARNA CHAMPA 60,3,165
COL VISIBLE,1,165
MTR G MASALA 50,3,161
ENO JAR,1,157
MTR BISIBELE 100,2,156
K DEVAN 500GM,1,155
J SOAP M,1,155
MARGO SET,1,155
QUKER OATS 400GM,2,152
OATS 15RS,10,150
PICKLE 50RS,3,146
REXONA SOAP,2,144
P CHUTE 100ML,4,143
BROOM DOUBLE,1,142
MILK MAID,1,140
TATA GOLD 250G,1,140
METHI 250GM,3,140
BROOM STEEL,1,140
MY SANDEL DOOPA,5,140
SOYA BEAN,1,137.5
MUSTARD 250G,3,136
BOOST 200GM JAR,1,135
VVD OIL 500ML,1,135
TOPRAMEN CURRY,1,135
MARRE GOLD 1KG,1,135
PURI 500GM,3,130
MY SANDL LIQ,1,130
AMRUTHAM OIL 500,1,130
PHENYLE BLACK,2,125
MTR SP 200G,1,125
SWA RAVA IDLY 1=,1,125
SWA GARAM 200,2,125
MEDIMIX S,4,124
DOVE SET 119,1,120
BROOM RED,1,120
FAIR N LOVELY 25,2,120
EV TIKALAL 100,1,120
J SOAP 55RS,2,116
AA BIRIYANI 50GM,3,116
ANIL BROKEN WHEA,2,116
U YELLU,0.5,115
M MOGGU,0.1,115
AA CP 100GM,3,115
DABUR HONEY 250G,1,115
VASU BIG,3,115
EXO ROUND B,2,114
SUNRISE 50G,1,112
BOOST 200G,1,110
SANTOOR 10RS,11,110
ACT 10RS,11,110
EA SP 100,2,108
LION DATES ARABI,1,105
BALLAR DAL,0.5,105
VIM LIQ 20RS,7,105
BOTI LOOSE,0.7,105
MTR SEMIYA 200GM,6,102
YALAKI 10GM,8.02,100.2
BROOM BLUE,1,100
BRU 2RS,50,100
CAMPAR 100RS,2,100
VIJAY IDLY RAVA,2,100
MADHUR SUGAR,2,98
TATA ROCK SALT,5,98
DRANEX 25,4,96
DETTOL HAND B,1,95
ASH CP 100,2,90
FORTUNE MUS OIL,1,90
CORN LOOSE,0.5,90
3ROSES 100G,1,88
WHISPER 88RS,1,85
EA GARAM 100,1,85
AA TP 50GM,6,81
COL SALT 20RS,4,80
HAMSA RICE,2,80
MTR PALO MASALA,1,78
MTR PAYASA MIX 1,1,77
MTR BADAM POW 10,1,77
SASHI POWDER,5,75
GOOD KNGHT LIQUI,1,75
GAR COLOR BLK PK,2,75
EV CHAT 50GM,2,74
AA GARAM 100,1,74
AA SP 50GM,3,71
DOVE SHAMP S,1,70
TEJU CK 500GM,0.5,70
JAPATRE L,0.025,70
SURF 10RS,7,70
COTHAS 100G,1,68
BLECHING POWDER,3,66
MTR PAYASA 100GM,1,65.5
FORTUNE 500ML,1,65
MESWAK 100GM,1,65
DABUR HONEY 100G,1,65
W TILL 250,1,65
NY THILL 100G,2,65
RED LABELE NC 10,1,64
HMT SONA,1,64
ANNAS FLOWER,0.06,63
EXO ROUND S,2,60
JEERA 10RS,6,60
CYCLE 20RS,2,60
POWER SOAP,6,59.2
ANIL RAGI 500GM,1,58
COMFART 180ML,1,56
GRB PULIOGARE 10,1,55
CAMPOPR 70RS,1,55
CORN FLOUR,1,55
STEEL SCRUB,4,53
VIM LIQ 250ML,1,53
CAMPAR 20RS,5,50
CYCLE 10RS,5,50
VIM 5RS,10,50
LIFE BOY 10RS,5,50
HOMELITE,5,49
WHEEL SOAP 10RS,5,49
TATA GOLD 100G,1,48
TATA AVALAKI 500,1,48
LEVISTA 2RS,24,48
LONG BODY,1,46
ALA 500ML,1,45
PITAMBARI 100G,1,45
LION DATES 250GM,0.5,45
MTR LIME 15RS,3,45
ANIL SEMIYA 200M,2,44
NUTS 40RS,1,40
OMA 100GM,1,40
GOOD DAY 10RS,4,40
B THILL 50G,2,40
BUDS TULIP,1,40
IG PULIOGARE,4,40
CASEW JH 10RS,4,40
TEJU 10RS,4,40
AJAY HARD,2,40
SODA,4,40
PICKLE 20RS,2,40
SOUMF 50GM,2,40
DETTOL SOAP S,1,38
COMFART 4RS,9,36
K DEVAN 100GM,1,34
DOVE SHAMPO 2RS,15,30
SCBRITE 15RS,2,30
GINGER GARLIC 5R,6,30
JOLA,0.5,30
AA CHIKEN 10RS,3,30
GRB 10RS,3,30
PASTA 25RS,1,30
STAR KESAR,3,30
APLA 30RS,1,28
MTR BISIBELE 10R,2,24
DABUR HONEY 20RS,1,22
AA RASAM 50GM,1,20
BUDS N,1,20
SCBRITE 10RS,2,20
DABUR PASTE 20RS,1,20
FAIR N LOVELY 20,1,20
HORLICKS 5RS,4,20
LAVANG 10GM,1,20
DRY GRAPES L,0.05,20
BARLY 100G,1,20
HING 10RS,2,20
RIN POWDER 10RS,2,19
PALAV LEAF LOOSE,0.05,17.5
CELL 16RS,1,16
AA TP 100GM,0.5,15
BATHI,1,15
SUN SILK 1RS,10,10
TIDE 10RS,1,10
PALAV MIX 10RS,1,10
RED LABLE 10RS,1,10
CHETA MBOX,1,10
,-----,-----------
SubTotal,7144.735,497452.47
,,
Discount                       -51.04,,
,,
Tax Details :,,
  GST Collected                  9.50,,
-------------------------------------,,
497513.01,,
-------------------------------------,,
